{
  "header": {
    "modality": "audio",
    "model": "Whisper-large-v3 1.5B (random init)",
    "gpu": "NVIDIA H100",
    "gpu_mem_gib": 63.43011474609375,
    "capability": "9.0",
    "torch": "2.11.0+cu128",
    "cuda": "12.8",
    "selftest_cos_vs_fp32": {
      "fp8": 0.9993259310722351,
      "int8": 0.999958872795105,
      "int4": 0.997891902923584,
      "fp8_train": 0.9993239045143127,
      "int4_qat": 0.9974693655967712
    }
  },
  "records": [
    {
      "mode": "train",
      "precision": "fp32",
      "batch_size": 4,
      "ok": true,
      "gpu_util_avg": 99.7,
      "gpu_util_min": 98.0,
      "power_w_avg": 546.6,
      "sm_clock_mhz_avg": 1980,
      "util_samples": 103,
      "ms_per_iter_median": 1042.112102266401,
      "ms_per_iter_mean": 1042.1753969974816,
      "samples_per_s": 3.838358648077054,
      "tokens_per_s": null,
      "peak_mem_gib": 36.04240417480469,
      "replaced_linears": 0,
      "skipped_linears": 0,
      "loss_first": 11.147700309753418,
      "loss_last": 8.165054321289062,
      "wall_s": 26.385319232940674
    },
    {
      "mode": "train",
      "precision": "tf32",
      "batch_size": 4,
      "ok": true,
      "gpu_util_avg": 99.4,
      "gpu_util_min": 98.0,
      "power_w_avg": 504.0,
      "sm_clock_mhz_avg": 1980,
      "util_samples": 53,
      "ms_per_iter_median": 531.1461724340916,
      "ms_per_iter_mean": 531.4012974500656,
      "samples_per_s": 7.5308836015312695,
      "tokens_per_s": null,
      "peak_mem_gib": 36.04240417480469,
      "replaced_linears": 0,
      "skipped_linears": 0,
      "loss_first": 11.147706985473633,
      "loss_last": 8.159643173217773,
      "wall_s": 14.090030431747437
    },
    {
      "mode": "train",
      "precision": "bf16",
      "batch_size": 4,
      "ok": true,
      "gpu_util_avg": 97.5,
      "gpu_util_min": 95.0,
      "power_w_avg": 418.3,
      "sm_clock_mhz_avg": 1980,
      "util_samples": 28,
      "ms_per_iter_median": 278.9757498539984,
      "ms_per_iter_mean": 279.0764263831079,
      "samples_per_s": 14.338163808479392,
      "tokens_per_s": null,
      "peak_mem_gib": 33.04696559906006,
      "replaced_linears": 0,
      "skipped_linears": 0,
      "loss_first": 11.148193359375,
      "loss_last": 8.20428466796875,
      "wall_s": 9.988231420516968
    },
    {
      "mode": "train",
      "precision": "fp16",
      "batch_size": 4,
      "ok": true,
      "gpu_util_avg": 96.7,
      "gpu_util_min": 95.0,
      "power_w_avg": 422.0,
      "sm_clock_mhz_avg": 1980,
      "util_samples": 29,
      "ms_per_iter_median": 291.2053521722555,
      "ms_per_iter_mean": 291.3077441044152,
      "samples_per_s": 13.73601127232681,
      "tokens_per_s": null,
      "peak_mem_gib": 33.04696702957153,
      "replaced_linears": 0,
      "skipped_linears": 0,
      "loss_first": 11.147613525390625,
      "loss_last": 8.159400939941406,
      "wall_s": 9.919396877288818
    },
    {
      "mode": "train",
      "precision": "fp8_train",
      "batch_size": 4,
      "ok": true,
      "gpu_util_avg": 97.3,
      "gpu_util_min": 92.0,
      "power_w_avg": 356.9,
      "sm_clock_mhz_avg": 1980,
      "util_samples": 53,
      "ms_per_iter_median": 531.8150143139064,
      "ms_per_iter_mean": 532.0305858273059,
      "samples_per_s": 7.521412318831187,
      "tokens_per_s": null,
      "peak_mem_gib": 29.23069953918457,
      "replaced_linears": 512,
      "skipped_linears": 1,
      "loss_first": 11.1502685546875,
      "loss_last": 8.223876953125,
      "wall_s": 13.688112497329712
    },
    {
      "mode": "train",
      "precision": "fp8_qat",
      "batch_size": 4,
      "ok": true,
      "gpu_util_avg": 99.2,
      "gpu_util_min": 97.0,
      "power_w_avg": 376.2,
      "sm_clock_mhz_avg": 1980,
      "util_samples": 47,
      "ms_per_iter_median": 468.0777578614652,
      "ms_per_iter_mean": 468.10302841477096,
      "samples_per_s": 8.545588703627018,
      "tokens_per_s": null,
      "peak_mem_gib": 33.94361400604248,
      "replaced_linears": 513,
      "skipped_linears": 0,
      "loss_first": 11.1527099609375,
      "loss_last": 8.2103271484375,
      "wall_s": 12.17747187614441
    },
    {
      "mode": "train",
      "precision": "int8_qat",
      "batch_size": 4,
      "ok": true,
      "gpu_util_avg": 99.1,
      "gpu_util_min": 97.0,
      "power_w_avg": 375.7,
      "sm_clock_mhz_avg": 1980,
      "util_samples": 46,
      "ms_per_iter_median": 458.1166785210371,
      "ms_per_iter_mean": 458.1570593174547,
      "samples_per_s": 8.7314000723864,
      "tokens_per_s": null,
      "peak_mem_gib": 33.944000244140625,
      "replaced_linears": 513,
      "skipped_linears": 0,
      "loss_first": 11.1497802734375,
      "loss_last": 8.176025390625,
      "wall_s": 11.948187351226807
    },
    {
      "mode": "train",
      "precision": "int4_qat",
      "batch_size": 4,
      "ok": true,
      "gpu_util_avg": 99.1,
      "gpu_util_min": 98.0,
      "power_w_avg": 373.0,
      "sm_clock_mhz_avg": 1980,
      "util_samples": 46,
      "ms_per_iter_median": 457.8243982978165,
      "ms_per_iter_mean": 457.8116121236235,
      "samples_per_s": 8.736974295978836,
      "tokens_per_s": null,
      "peak_mem_gib": 33.944000244140625,
      "replaced_linears": 513,
      "skipped_linears": 0,
      "loss_first": 11.15478515625,
      "loss_last": 8.1949462890625,
      "wall_s": 11.91199016571045
    },
    {
      "mode": "infer",
      "precision": "fp32",
      "batch_size": 8,
      "ok": true,
      "gpu_util_avg": 100.0,
      "gpu_util_min": 99.0,
      "power_w_avg": 641.9,
      "sm_clock_mhz_avg": 1980,
      "util_samples": 61,
      "ms_per_iter_median": 606.9220206700265,
      "ms_per_iter_mean": 606.9063123781234,
      "samples_per_s": 13.18126501847503,
      "tokens_per_s": null,
      "peak_mem_gib": 6.537243843078613,
      "replaced_linears": 0,
      "skipped_linears": 0,
      "logit_cos_vs_fp32": 1.0,
      "wall_s": 15.734837532043457
    },
    {
      "mode": "infer",
      "precision": "tf32",
      "batch_size": 8,
      "ok": true,
      "gpu_util_avg": 100.0,
      "gpu_util_min": 99.0,
      "power_w_avg": 631.4,
      "sm_clock_mhz_avg": 1980,
      "util_samples": 25,
      "ms_per_iter_median": 251.72918289899826,
      "ms_per_iter_mean": 251.70995746739212,
      "samples_per_s": 31.780184990350737,
      "tokens_per_s": null,
      "peak_mem_gib": 6.537243843078613,
      "replaced_linears": 0,
      "skipped_linears": 0,
      "logit_cos_vs_fp32": 0.9999998807907104,
      "wall_s": 6.59125018119812
    },
    {
      "mode": "infer",
      "precision": "bf16",
      "batch_size": 8,
      "ok": true,
      "gpu_util_avg": 99.9,
      "gpu_util_min": 99.0,
      "power_w_avg": 536.8,
      "sm_clock_mhz_avg": 1980,
      "util_samples": 9,
      "ms_per_iter_median": 89.79388186708093,
      "ms_per_iter_mean": 89.78867740370333,
      "samples_per_s": 89.09292964794805,
      "tokens_per_s": null,
      "peak_mem_gib": 5.8767499923706055,
      "replaced_linears": 0,
      "skipped_linears": 0,
      "logit_cos_vs_fp32": 0.9998672008514404,
      "wall_s": 4.533358335494995
    },
    {
      "mode": "infer",
      "precision": "fp16",
      "batch_size": 8,
      "ok": true,
      "gpu_util_avg": 99.9,
      "gpu_util_min": 99.0,
      "power_w_avg": 542.6,
      "sm_clock_mhz_avg": 1980,
      "util_samples": 9,
      "ms_per_iter_median": 91.08275454491377,
      "ms_per_iter_mean": 91.08530702069402,
      "samples_per_s": 87.83221412188544,
      "tokens_per_s": null,
      "peak_mem_gib": 5.851330280303955,
      "replaced_linears": 0,
      "skipped_linears": 0,
      "logit_cos_vs_fp32": 0.9999983310699463,
      "wall_s": 4.504153251647949
    },
    {
      "mode": "infer",
      "precision": "fp8",
      "batch_size": 8,
      "ok": true,
      "gpu_util_avg": 100.0,
      "gpu_util_min": 99.0,
      "power_w_avg": 401.5,
      "sm_clock_mhz_avg": 1980,
      "util_samples": 24,