{
  "model": "Qwen2.5-7B (random init)",
  "gpu": "NVIDIA H100",
  "records": [
    {
      "variant": "fsdp_adamw_8gpu",
      "ok": true,
      "world_size": 8,
      "per_rank_bs": 1,
      "ms_per_step_median": 558.2445994950831,
      "tokens_per_s_aggregate": 14674.570980909513,
      "peak_mem_gib_per_rank": [
        29.39,
        29.39,
        29.39,
        29.39,
        29.39,
        29.39,
        29.39,
        29.39
      ],
      "loss_first": 12.680096626281738,
      "loss_last": 0.0011887887958437204,
      "gpu_util_avg": 97.9,
      "gpu_util_min": 0.0,
      "power_w_avg": 321.8,
      "sm_clock_mhz_avg": 1980,
      "util_samples": 212
    }
  ]
}