{
  "header": {
    "modality": "image",
    "model": "DINOv2-giant 1.1B + cls head (random init)",
    "gpu": "NVIDIA H100",
    "gpu_mem_gib": 63.43011474609375,
    "capability": "9.0",
    "torch": "2.11.0+cu128",
    "cuda": "12.8",
    "selftest_cos_vs_fp32": {
      "fp8": 0.9993259310722351,
      "int8": 0.999958872795105,
      "int4": 0.997891902923584,
      "fp8_train": 0.9993239045143127,
      "int4_qat": 0.9974693655967712
    }
  },
  "records": [
    {
      "mode": "train",
      "precision": "fp32",
      "batch_size": 16,
      "ok": true,
      "gpu_util_avg": 99.8,
      "gpu_util_min": 99.0,
      "power_w_avg": 587.1,
      "sm_clock_mhz_avg": 1980,
      "util_samples": 78,
      "ms_per_iter_median": 791.1860524909571,
      "ms_per_iter_mean": 791.3280476932414,
      "samples_per_s": 20.22280340967319,
      "tokens_per_s": null,
      "peak_mem_gib": 32.446414947509766,
      "replaced_linears": 0,
      "skipped_linears": 0,
      "loss_first": 7.639413833618164,
      "loss_last": 0.00012080917076673359,
      "wall_s": 20.09890842437744
    },
    {
      "mode": "train",
      "precision": "tf32",
      "batch_size": 16,
      "ok": true,
      "gpu_util_avg": 99.4,
      "gpu_util_min": 99.0,
      "power_w_avg": 501.4,
      "sm_clock_mhz_avg": 1980,
      "util_samples": 33,
      "ms_per_iter_median": 328.8481755880639,
      "ms_per_iter_mean": 328.83258489891887,
      "samples_per_s": 48.654671631940616,
      "tokens_per_s": null,
      "peak_mem_gib": 32.446414947509766,
      "replaced_linears": 0,
      "skipped_linears": 0,
      "loss_first": 7.63985538482666,
      "loss_last": 0.00012070487719029188,
      "wall_s": 8.650855302810669
    },
    {
      "mode": "train",
      "precision": "bf16",
      "batch_size": 16,
      "ok": true,
      "gpu_util_avg": 99.0,
      "gpu_util_min": 98.0,
      "power_w_avg": 419.1,
      "sm_clock_mhz_avg": 1980,
      "util_samples": 21,
      "ms_per_iter_median": 212.2100874548778,
      "ms_per_iter_mean": 212.20743383746594,
      "samples_per_s": 75.39698132117343,
      "tokens_per_s": null,
      "peak_mem_gib": 26.684749603271484,
      "replaced_linears": 0,
      "skipped_linears": 0,
      "loss_first": 7.630859375,
      "loss_last": 0.00012010335922241211,
      "wall_s": 6.507934093475342
    },
    {
      "mode": "train",
      "precision": "fp16",
      "batch_size": 16,
      "ok": true,
      "gpu_util_avg": 98.6,
      "gpu_util_min": 98.0,
      "power_w_avg": 438.1,
      "sm_clock_mhz_avg": 1980,
      "util_samples": 22,
      "ms_per_iter_median": 220.44291498605162,
      "ms_per_iter_mean": 220.4863898572512,
      "samples_per_s": 72.5811487341854,
      "tokens_per_s": null,
      "peak_mem_gib": 26.68475103378296,
      "replaced_linears": 0,
      "skipped_linears": 0,
      "loss_first": 7.63818359375,
      "loss_last": 0.0001302585005760193,
      "wall_s": 6.422999143600464
    },
    {
      "mode": "train",
      "precision": "fp8_train",
      "batch_size": 16,
      "ok": true,
      "gpu_util_avg": 99.5,
      "gpu_util_min": 99.0,
      "power_w_avg": 363.8,
      "sm_clock_mhz_avg": 1980,
      "util_samples": 39,
      "ms_per_iter_median": 391.2431680364534,
      "ms_per_iter_mean": 391.2429314455949,
      "samples_per_s": 40.89528279892986,
      "tokens_per_s": null,
      "peak_mem_gib": 24.40638256072998,
      "replaced_linears": 240,
      "skipped_linears": 1,
      "loss_first": 7.630859375,
      "loss_last": 0.0001456141471862793,
      "wall_s": 10.139399766921997
    },
    {
      "mode": "train",
      "precision": "fp8_qat",
      "batch_size": 16,
      "ok": true,
      "gpu_util_avg": 99.4,
      "gpu_util_min": 98.0,
      "power_w_avg": 374.2,
      "sm_clock_mhz_avg": 1980,
      "util_samples": 34,
      "ms_per_iter_median": 340.63060488551855,
      "ms_per_iter_mean": 340.6185953412205,
      "samples_per_s": 46.97170415846042,
      "tokens_per_s": null,
      "peak_mem_gib": 27.248557567596436,
      "replaced_linears": 241,
      "skipped_linears": 0,
      "loss_first": 7.564453125,
      "loss_last": 0.00011830776929855347,
      "wall_s": 8.865545988082886
    },
    {
      "mode": "train",
      "precision": "int8_qat",
      "batch_size": 16,
      "ok": true,
      "gpu_util_avg": 99.4,
      "gpu_util_min": 98.0,
      "power_w_avg": 381.9,
      "sm_clock_mhz_avg": 1980,
      "util_samples": 34,
      "ms_per_iter_median": 335.93373163603246,
      "ms_per_iter_mean": 335.9411760815419,
      "samples_per_s": 47.62844124666589,
      "tokens_per_s": null,
      "peak_mem_gib": 27.248572826385498,
      "replaced_linears": 241,
      "skipped_linears": 0,
      "loss_first": 7.669921875,
      "loss_last": 0.00011722743511199951,
      "wall_s": 8.787976503372192
    },
    {
      "mode": "train",
      "precision": "int4_qat",
      "batch_size": 16,
      "ok": true,
      "gpu_util_avg": 99.4,
      "gpu_util_min": 99.0,
      "power_w_avg": 385.7,
      "sm_clock_mhz_avg": 1980,
      "util_samples": 34,
      "ms_per_iter_median": 335.9049045247957,
      "ms_per_iter_mean": 335.92503991676494,
      "samples_per_s": 47.63252868437626,
      "tokens_per_s": null,
      "peak_mem_gib": 27.248572826385498,
      "replaced_linears": 241,
      "skipped_linears": 0,
      "loss_first": 6.8984375,
      "loss_last": 0.00017508864402770996,
      "wall_s": 8.800727128982544
    },
    {
      "mode": "infer",
      "precision": "fp32",
      "batch_size": 64,
      "ok": true,
      "gpu_util_avg": 100.0,
      "gpu_util_min": 99.0,
      "power_w_avg": 694.6,
      "sm_clock_mhz_avg": 1972,
      "util_samples": 88,
      "ms_per_iter_median": 877.4183370405808,
      "ms_per_iter_mean": 877.374877105467,
      "samples_per_s": 72.94126108175921,
      "tokens_per_s": null,
      "peak_mem_gib": 5.914117813110352,
      "replaced_linears": 0,
      "skipped_linears": 0,
      "logit_cos_vs_fp32": 1.0,
      "wall_s": 22.428605794906616
    },
    {
      "mode": "infer",
      "precision": "tf32",
      "batch_size": 64,
      "ok": true,
      "gpu_util_avg": 100.0,
      "gpu_util_min": 99.0,
      "power_w_avg": 641.6,
      "sm_clock_mhz_avg": 1980,
      "util_samples": 28,
      "ms_per_iter_median": 274.70787754282355,
      "ms_per_iter_mean": 274.7205204330385,
      "samples_per_s": 232.9747532996144,
      "tokens_per_s": null,
      "peak_mem_gib": 5.914117813110352,
      "replaced_linears": 0,
      "skipped_linears": 0,
      "logit_cos_vs_fp32": 0.9999921321868896,
      "wall_s": 7.289991617202759
    },
    {
      "mode": "infer",
      "precision": "bf16",
      "batch_size": 64,
      "ok": true,
      "gpu_util_avg": 99.9,
      "gpu_util_min": 99.0,
      "power_w_avg": 616.2,
      "sm_clock_mhz_avg": 1951,
      "util_samples": 11,
      "ms_per_iter_median": 106.91030439920723,
      "ms_per_iter_mean": 106.92786464933306,
      "samples_per_s": 598.6326608988177,
      "tokens_per_s": null,
      "peak_mem_gib": 4.346078872680664,
      "replaced_linears": 0,
      "skipped_linears": 0,
      "logit_cos_vs_fp32": 0.9983233213424683,
      "wall_s": 3.5646023750305176
    },
    {
      "mode": "infer",
      "precision": "fp16",
      "batch_size": 64,
      "ok": true,
      "gpu_util_avg": 99.9,
      "gpu_util_min": 99.0,
      "power_w_avg": 632.2,
      "sm_clock_mhz_avg": 1861,
      "util_samples": 11,
      "ms_per_iter_median": 108.74129645526409,
      "ms_per_iter_mean": 108.73993248678744,
      "samples_per_s": 588.5528505385205,
      "tokens_per_s": null,
      "peak_mem_gib": 4.311854362487793,
      "replaced_linears": 0,
      "skipped_linears": 0,
      "logit_cos_vs_fp32": 0.9999768733978271,
      "wall_s": 3.631693124771118
    },
    {
      "mode": "infer",
      "precision": "fp8",
      "batch_size": 64,
      "ok": true,
      "gpu_util_avg": 100.0,
      "gpu_util_min": 99.0,
      "power_w_avg": 426.1,