{
  "header": {
    "modality": "lang05",
    "model": "Qwen2.5-0.5B (random init)",
    "gpu": "NVIDIA H100",
    "gpu_mem_gib": 63.43011474609375,
    "capability": "9.0",
    "torch": "2.11.0+cu128",
    "cuda": "12.8",
    "selftest_cos_vs_fp32": {
      "fp8": 0.9993259310722351,
      "int8": 0.999958872795105,
      "int4": 0.997891902923584,
      "fp8_train": 0.9993239045143127,
      "int4_qat": 0.9974693655967712
    }
  },
  "records": [
    {
      "mode": "train",
      "precision": "fp32",
      "batch_size": 8,
      "ok": true,
      "gpu_util_avg": 99.8,
      "gpu_util_min": 98.0,
      "power_w_avg": 548.8,
      "sm_clock_mhz_avg": 1976,
      "util_samples": 86,
      "ms_per_iter_median": 857.5301914825104,
      "ms_per_iter_mean": 859.8339224379743,
      "samples_per_s": 9.329117597794996,
      "tokens_per_s": 9553.016420142076,
      "peak_mem_gib": 50.891579151153564,
      "replaced_linears": 0,
      "skipped_linears": 0,
      "loss_first": 12.120598793029785,
      "loss_last": 7.941734313964844,
      "wall_s": 21.986584424972534
    },
    {
      "mode": "train",
      "precision": "tf32",
      "batch_size": 8,
      "ok": true,
      "gpu_util_avg": 99.5,
      "gpu_util_min": 99.0,
      "power_w_avg": 428.3,
      "sm_clock_mhz_avg": 1980,
      "util_samples": 44,
      "ms_per_iter_median": 439.19521299540065,
      "ms_per_iter_mean": 439.2327410459984,
      "samples_per_s": 18.215134781270436,
      "tokens_per_s": 18652.298016020926,
      "peak_mem_gib": 50.891579151153564,
      "replaced_linears": 0,
      "skipped_linears": 0,
      "loss_first": 12.120599746704102,
      "loss_last": 7.934535026550293,
      "wall_s": 11.510304927825928
    },
    {
      "mode": "train",
      "precision": "bf16",
      "batch_size": 8,
      "ok": true,
      "gpu_util_avg": 99.0,
      "gpu_util_min": 98.0,
      "power_w_avg": 410.9,
      "sm_clock_mhz_avg": 1980,
      "util_samples": 22,
      "ms_per_iter_median": 215.3497210238129,
      "ms_per_iter_mean": 215.37804270919878,
      "samples_per_s": 37.148875614820874,
      "tokens_per_s": 38040.448629576575,
      "peak_mem_gib": 32.63638353347778,
      "replaced_linears": 0,
      "skipped_linears": 0,
      "loss_first": 12.120620727539062,
      "loss_last": 8.361410140991211,
      "wall_s": 7.323430776596069
    },
    {
      "mode": "train",
      "precision": "fp16",
      "batch_size": 8,
      "ok": true,
      "gpu_util_avg": 99.0,
      "gpu_util_min": 98.0,
      "power_w_avg": 413.6,
      "sm_clock_mhz_avg": 1980,
      "util_samples": 22,
      "ms_per_iter_median": 219.3799229862634,
      "ms_per_iter_mean": 219.39035729737952,
      "samples_per_s": 36.46641812569569,
      "tokens_per_s": 37341.612160712386,
      "peak_mem_gib": 32.63638496398926,
      "replaced_linears": 0,
      "skipped_linears": 0,
      "loss_first": 12.120604515075684,
      "loss_last": 7.934337615966797,
      "wall_s": 6.902454853057861
    },
    {
      "mode": "train",
      "precision": "fp8_train",
      "batch_size": 8,
      "ok": true,
      "gpu_util_avg": 99.5,
      "gpu_util_min": 99.0,
      "power_w_avg": 364.7,
      "sm_clock_mhz_avg": 1980,
      "util_samples": 39,
      "ms_per_iter_median": 385.62317501055077,
      "ms_per_iter_mean": 385.6337618519319,
      "samples_per_s": 20.74564112953304,
      "tokens_per_s": 21243.536516641834,
      "peak_mem_gib": 30.956979274749756,
      "replaced_linears": 121,
      "skipped_linears": 48,
      "loss_first": 12.121034622192383,
      "loss_last": 8.56623649597168,
      "wall_s": 10.189531087875366
    },
    {
      "mode": "train",
      "precision": "fp8_qat",
      "batch_size": 8,
      "ok": true,
      "gpu_util_avg": 99.3,
      "gpu_util_min": 99.0,
      "power_w_avg": 387.0,
      "sm_clock_mhz_avg": 1980,
      "util_samples": 30,
      "ms_per_iter_median": 295.47054949216545,
      "ms_per_iter_mean": 295.4462624998996,
      "samples_per_s": 27.075456466811506,
      "tokens_per_s": 27725.267422014982,
      "peak_mem_gib": 32.96548509597778,
      "replaced_linears": 121,
      "skipped_linears": 48,
      "loss_first": 12.120779037475586,
      "loss_last": 8.296250343322754,
      "wall_s": 7.846333980560303
    },
    {
      "mode": "train",
      "precision": "int8_qat",
      "batch_size": 8,
      "ok": true,
      "gpu_util_avg": 99.3,
      "gpu_util_min": 98.0,
      "power_w_avg": 385.2,
      "sm_clock_mhz_avg": 1980,
      "util_samples": 29,
      "ms_per_iter_median": 291.1717430106364,
      "ms_per_iter_mean": 291.14186100196093,
      "samples_per_s": 27.475193565426995,
      "tokens_per_s": 28134.598210997243,
      "peak_mem_gib": 32.96548509597778,
      "replaced_linears": 121,
      "skipped_linears": 48,
      "loss_first": 12.120233535766602,
      "loss_last": 8.071276664733887,
      "wall_s": 7.617047548294067
    },
    {
      "mode": "train",
      "precision": "int4_qat",
      "batch_size": 8,
      "ok": true,
      "gpu_util_avg": 99.3,
      "gpu_util_min": 99.0,
      "power_w_avg": 383.0,
      "sm_clock_mhz_avg": 1980,
      "util_samples": 29,
      "ms_per_iter_median": 291.04130147607066,
      "ms_per_iter_mean": 291.0415229445789,
      "samples_per_s": 27.487507647287504,
      "tokens_per_s": 28147.207830822405,
      "peak_mem_gib": 32.96548509597778,
      "replaced_linears": 121,
      "skipped_linears": 48,
      "loss_first": 12.12263298034668,
      "loss_last": 8.256053924560547,
      "wall_s": 7.65907883644104
    },
    {
      "mode": "infer",
      "precision": "fp32",
      "batch_size": 16,
      "ok": true,
      "gpu_util_avg": 100.0,
      "gpu_util_min": 99.0,
      "power_w_avg": 572.3,
      "sm_clock_mhz_avg": 1980,
      "util_samples": 56,
      "ms_per_iter_median": 563.8891895068809,
      "ms_per_iter_mean": 563.8019099045778,
      "samples_per_s": 28.374369109632944,
      "tokens_per_s": 29055.353968264135,
      "peak_mem_gib": 11.812828540802002,
      "replaced_linears": 0,
      "skipped_linears": 0,
      "logit_cos_vs_fp32": 1.0,
      "wall_s": 14.464975118637085
    },
    {
      "mode": "infer",
      "precision": "tf32",
      "batch_size": 16,
      "ok": true,
      "gpu_util_avg": 100.0,
      "gpu_util_min": 99.0,
      "power_w_avg": 436.9,
      "sm_clock_mhz_avg": 1980,
      "util_samples": 29,
      "ms_per_iter_median": 286.51545601314865,
      "ms_per_iter_mean": 286.51417465298437,
      "samples_per_s": 55.84340971562014,
      "tokens_per_s": 57183.651548795024,
      "peak_mem_gib": 11.812828540802002,
      "replaced_linears": 0,
      "skipped_linears": 0,
      "logit_cos_vs_fp32": 0.9999991655349731,
      "wall_s": 7.577795505523682
    },
    {
      "mode": "infer",
      "precision": "bf16",
      "batch_size": 16,
      "ok": true,
      "gpu_util_avg": 99.9,
      "gpu_util_min": 99.0,
      "power_w_avg": 454.6,
      "sm_clock_mhz_avg": 1980,
      "util_samples": 8,
      "ms_per_iter_median": 72.47765149804763,
      "ms_per_iter_mean": 72.48703385703266,
      "samples_per_s": 220.75770488273892,
      "tokens_per_s": 226055.88979992465,
      "peak_mem_gib": 6.2285871505737305,
      "replaced_linears": 0,
      "skipped_linears": 0,
      "logit_cos_vs_fp32": 0.9993499517440796,
      "wall_s": 3.0240261554718018
    },
    {
      "mode": "infer",
      "precision": "fp16",
      "batch_size": 16,
      "ok": true,
      "gpu_util_avg": 99.9,
      "gpu_util_min": 99.0,
      "power_w_avg": 475.3,
      "sm_clock_mhz_avg": 1980,
      "util_samples": 8,
      "ms_per_iter_median": 73.29136799671687,
      "ms_per_iter_mean": 73.29144740360789,
      "samples_per_s": 218.30674521884663,
      "tokens_per_s": 223546.10710409895,
      "peak_mem_gib": 6.2285871505737305,
      "replaced_linears": 0,
      "skipped_linears": 0,
      "logit_cos_vs_fp32": 0.9999918341636658,
      "wall_s": 3.0155282020568848
    },
    {
      "mode": "infer",