{
  "header": {
    "modality": "lang3",
    "model": "Qwen2.5-3B (random init)",
    "gpu": "NVIDIA H100",
    "gpu_mem_gib": 63.43011474609375,
    "capability": "9.0",
    "torch": "2.11.0+cu128",
    "cuda": "12.8",
    "selftest_cos_vs_fp32": {
      "fp8": 0.9993259310722351,
      "int8": 0.999958872795105,
      "int4": 0.997891902923584,
      "fp8_train": 0.9993239045143127,
      "int4_qat": 0.9974693655967712
    }
  },
  "records": [
    {
      "mode": "train",
      "precision": "fp32",
      "batch_size": 2,
      "ok": true,
      "gpu_util_avg": 99.8,
      "gpu_util_min": 98.0,
      "power_w_avg": 558.0,
      "sm_clock_mhz_avg": 1980,
      "util_samples": 114,
      "ms_per_iter_median": 1146.844619885087,
      "ms_per_iter_mean": 1146.8598374631256,
      "samples_per_s": 1.7439154052101657,
      "tokens_per_s": 1785.7693749352097,
      "peak_mem_gib": 60.296274185180664,
      "replaced_linears": 0,
      "skipped_linears": 0,
      "loss_first": 12.333498001098633,
      "loss_last": 0.006063922308385372,
      "wall_s": 29.073399305343628
    },
    {
      "mode": "train",
      "precision": "tf32",
      "batch_size": 2,
      "ok": true,
      "gpu_util_avg": 99.6,
      "gpu_util_min": 98.0,
      "power_w_avg": 463.6,
      "sm_clock_mhz_avg": 1980,
      "util_samples": 49,
      "ms_per_iter_median": 488.9821810647845,
      "ms_per_iter_mean": 489.0328634530306,
      "samples_per_s": 4.090128592508002,
      "tokens_per_s": 4188.291678728194,
      "peak_mem_gib": 60.296274185180664,
      "replaced_linears": 0,
      "skipped_linears": 0,
      "loss_first": 12.33359146118164,
      "loss_last": 0.006019099149852991,
      "wall_s": 12.718689680099487
    },
    {
      "mode": "train",
      "precision": "bf16",
      "batch_size": 2,
      "ok": true,
      "gpu_util_avg": 99.4,
      "gpu_util_min": 98.0,
      "power_w_avg": 400.4,
      "sm_clock_mhz_avg": 1980,
      "util_samples": 36,
      "ms_per_iter_median": 359.0204189531505,
      "ms_per_iter_mean": 359.01640872471035,
      "samples_per_s": 5.570713793470853,
      "tokens_per_s": 5704.4109245141535,
      "peak_mem_gib": 57.5436110496521,
      "replaced_linears": 0,
      "skipped_linears": 0,
      "loss_first": 12.333342552185059,
      "loss_last": 0.008545031771063805,
      "wall_s": 11.439645051956177
    },
    {
      "mode": "train",
      "precision": "fp16",
      "batch_size": 2,
      "ok": true,
      "gpu_util_avg": 98.9,
      "gpu_util_min": 98.0,
      "power_w_avg": 405.1,
      "sm_clock_mhz_avg": 1980,
      "util_samples": 38,
      "ms_per_iter_median": 379.46163211017847,
      "ms_per_iter_mean": 379.48636785149574,
      "samples_per_s": 5.270625092919251,
      "tokens_per_s": 5397.120095149313,
      "peak_mem_gib": 57.543612480163574,
      "replaced_linears": 0,
      "skipped_linears": 0,
      "loss_first": 12.333585739135742,
      "loss_last": 0.006017129868268967,
      "wall_s": 11.119346857070923
    },
    {
      "mode": "train",
      "precision": "fp8_train",
      "batch_size": 2,
      "ok": true,
      "gpu_util_avg": 99.6,
      "gpu_util_min": 98.0,
      "power_w_avg": 363.6,
      "sm_clock_mhz_avg": 1980,
      "util_samples": 57,
      "ms_per_iter_median": 574.2560215294361,
      "ms_per_iter_mean": 574.2613696027547,
      "samples_per_s": 3.482767136987663,
      "tokens_per_s": 3566.353548275367,
      "peak_mem_gib": 57.5445876121521,
      "replaced_linears": 253,
      "skipped_linears": 0,
      "loss_first": 12.34989070892334,
      "loss_last": 0.015546008013188839,
      "wall_s": 14.659756660461426
    },
    {
      "mode": "train",
      "precision": "fp8_qat",
      "batch_size": 2,
      "ok": true,
      "gpu_util_avg": 99.6,
      "gpu_util_min": 98.0,
      "power_w_avg": 376.8,
      "sm_clock_mhz_avg": 1980,
      "util_samples": 57,
      "ms_per_iter_median": 570.187262725085,
      "ms_per_iter_mean": 570.195059850812,
      "samples_per_s": 3.5076195677213806,
      "tokens_per_s": 3591.8024373466938,
      "peak_mem_gib": 57.5445876121521,
      "replaced_linears": 253,
      "skipped_linears": 0,
      "loss_first": 12.347894668579102,
      "loss_last": 0.011150343343615532,
      "wall_s": 14.651916742324829
    },
    {
      "mode": "train",
      "precision": "int8_qat",
      "batch_size": 2,
      "ok": true,
      "gpu_util_avg": 99.6,
      "gpu_util_min": 98.0,
      "power_w_avg": 371.5,
      "sm_clock_mhz_avg": 1980,
      "util_samples": 56,
      "ms_per_iter_median": 561.4599394612014,
      "ms_per_iter_mean": 561.4449857734144,
      "samples_per_s": 3.5621419435895585,
      "tokens_per_s": 3647.633350235708,
      "peak_mem_gib": 57.5445876121521,
      "replaced_linears": 253,
      "skipped_linears": 0,
      "loss_first": 12.325610160827637,
      "loss_last": 0.007742523681372404,
      "wall_s": 14.4413583278656
    },
    {
      "mode": "train",
      "precision": "int4_qat",
      "batch_size": 2,
      "ok": true,
      "gpu_util_avg": 99.6,
      "gpu_util_min": 98.0,
      "power_w_avg": 371.3,
      "sm_clock_mhz_avg": 1980,
      "util_samples": 56,
      "ms_per_iter_median": 560.9590322710574,
      "ms_per_iter_mean": 560.927898529917,
      "samples_per_s": 3.5653227507594405,
      "tokens_per_s": 3650.890496777667,
      "peak_mem_gib": 57.5445876121521,
      "replaced_linears": 253,
      "skipped_linears": 0,
      "loss_first": 12.317974090576172,
      "loss_last": 0.013259291648864746,
      "wall_s": 14.414971590042114
    },
    {
      "mode": "infer",
      "precision": "fp32",
      "batch_size": 16,
      "ok": true,
      "gpu_util_avg": 100.0,
      "gpu_util_min": 99.0,
      "power_w_avg": 666.1,
      "sm_clock_mhz_avg": 1980,
      "util_samples": 249,
      "ms_per_iter_median": 2496.547731105238,
      "ms_per_iter_mean": 2496.523879515007,
      "samples_per_s": 6.408850029443136,
      "tokens_per_s": 6562.662430149771,
      "peak_mem_gib": 21.538743019104004,
      "replaced_linears": 0,
      "skipped_linears": 0,
      "logit_cos_vs_fp32": 1.0,
      "wall_s": 63.074196338653564
    },
    {
      "mode": "infer",
      "precision": "tf32",
      "batch_size": 16,
      "ok": true,
      "gpu_util_avg": 100.0,
      "gpu_util_min": 99.0,
      "power_w_avg": 549.1,
      "sm_clock_mhz_avg": 1967,
      "util_samples": 82,
      "ms_per_iter_median": 819.9564600363374,
      "ms_per_iter_mean": 819.8741272091866,
      "samples_per_s": 19.51323122607137,
      "tokens_per_s": 19981.54877549708,
      "peak_mem_gib": 21.538743019104004,
      "replaced_linears": 0,
      "skipped_linears": 0,
      "logit_cos_vs_fp32": 0.9999935626983643,
      "wall_s": 20.965900897979736
    },
    {
      "mode": "infer",
      "precision": "bf16",
      "batch_size": 16,
      "ok": true,
      "gpu_util_avg": 100.0,
      "gpu_util_min": 99.0,
      "power_w_avg": 610.6,
      "sm_clock_mhz_avg": 1942,
      "util_samples": 29,
      "ms_per_iter_median": 285.51417542621493,
      "ms_per_iter_mean": 285.54916898719966,
      "samples_per_s": 56.03924910598654,
      "tokens_per_s": 57384.19108453022,
      "peak_mem_gib": 12.719910621643066,
      "replaced_linears": 0,
      "skipped_linears": 0,
      "logit_cos_vs_fp32": 0.9618890881538391,
      "wall_s": 8.626800060272217
    },
    {
      "mode": "infer",
      "precision": "fp16",
      "batch_size": 16,
      "ok": true,
      "gpu_util_avg": 100.0,
      "gpu_util_min": 99.0,
      "power_w_avg": 619.5,
      "sm_clock_mhz_avg": 1928,
      "util_samples": 29,
      "ms_per_iter_median": 290.4931418597698,
      "ms_per_iter_mean": 290.54832234978676,
      "samples_per_s": 55.07875297009147,
      "tokens_per_s": 56400.64304137367,
      "peak_mem_gib": 12.719651222229004,
      "replaced_linears": 0,
      "skipped_linears": 0,
      "logit_cos_vs_fp32": 0.998986005783081,
      "wall_s": 8.640331029891968
    },
    {
      "mode": "infer",