{
  "header": {
    "modality": "lang",
    "model": "Qwen2.5-1.5B (random init)",
    "gpu": "NVIDIA H100",
    "gpu_mem_gib": 63.43011474609375,
    "capability": "9.0",
    "torch": "2.11.0+cu128",
    "cuda": "12.8",
    "selftest_cos_vs_fp32": {
      "fp8": 0.9993259310722351,
      "int8": 0.999958872795105,
      "int4": 0.997891902923584,
      "fp8_train": 0.9993239045143127,
      "int4_qat": 0.9974693655967712
    }
  },
  "records": [
    {
      "mode": "train",
      "precision": "fp32",
      "batch_size": 4,
      "ok": true,
      "gpu_util_avg": 99.8,
      "gpu_util_min": 99.0,
      "power_w_avg": 598.4,
      "sm_clock_mhz_avg": 1978,
      "util_samples": 108,
      "ms_per_iter_median": 1096.8882131855935,
      "ms_per_iter_mean": 1097.2799961920828,
      "samples_per_s": 3.646679718057286,
      "tokens_per_s": 3734.2000312906607,
      "peak_mem_gib": 51.46815872192383,
      "replaced_linears": 0,
      "skipped_linears": 0,
      "loss_first": 12.215668678283691,
      "loss_last": 0.2460336834192276,
      "wall_s": 27.852421045303345
    },
    {
      "mode": "train",
      "precision": "tf32",
      "batch_size": 4,
      "ok": true,
      "gpu_util_avg": 99.6,
      "gpu_util_min": 99.0,
      "power_w_avg": 487.2,
      "sm_clock_mhz_avg": 1980,
      "util_samples": 46,
      "ms_per_iter_median": 460.1428483147174,
      "ms_per_iter_mean": 460.0030734902248,
      "samples_per_s": 8.692952666003789,
      "tokens_per_s": 8901.58352998788,
      "peak_mem_gib": 51.46815872192383,
      "replaced_linears": 0,
      "skipped_linears": 0,
      "loss_first": 12.21564769744873,
      "loss_last": 0.2423081398010254,
      "wall_s": 11.959023714065552
    },
    {
      "mode": "train",
      "precision": "bf16",
      "batch_size": 4,
      "ok": true,
      "gpu_util_avg": 99.4,
      "gpu_util_min": 99.0,
      "power_w_avg": 435.5,
      "sm_clock_mhz_avg": 1980,
      "util_samples": 28,
      "ms_per_iter_median": 281.66230977512896,
      "ms_per_iter_mean": 281.6257818369195,
      "samples_per_s": 14.20140310286273,
      "tokens_per_s": 14542.236777331436,
      "peak_mem_gib": 39.89921569824219,
      "replaced_linears": 0,
      "skipped_linears": 0,
      "loss_first": 12.215827941894531,
      "loss_last": 0.5226367115974426,
      "wall_s": 8.762286901473999
    },
    {
      "mode": "train",
      "precision": "fp16",
      "batch_size": 4,
      "ok": true,
      "gpu_util_avg": 99.2,
      "gpu_util_min": 98.0,
      "power_w_avg": 439.3,
      "sm_clock_mhz_avg": 1980,
      "util_samples": 29,
      "ms_per_iter_median": 292.3170030117035,
      "ms_per_iter_mean": 292.25994744338095,
      "samples_per_s": 13.683774665135891,
      "tokens_per_s": 14012.185257099152,
      "peak_mem_gib": 39.89921712875366,
      "replaced_linears": 0,
      "skipped_linears": 0,
      "loss_first": 12.215657234191895,
      "loss_last": 0.24229063093662262,
      "wall_s": 8.675684452056885
    },
    {
      "mode": "train",
      "precision": "fp8_train",
      "batch_size": 4,
      "ok": true,
      "gpu_util_avg": 99.6,
      "gpu_util_min": 99.0,
      "power_w_avg": 377.4,
      "sm_clock_mhz_avg": 1980,
      "util_samples": 49,
      "ms_per_iter_median": 486.78425955586135,
      "ms_per_iter_mean": 486.7964473553002,
      "samples_per_s": 8.217192568324975,
      "tokens_per_s": 8414.405189964775,
      "peak_mem_gib": 36.84367847442627,
      "replaced_linears": 197,
      "skipped_linears": 0,
      "loss_first": 12.221282005310059,
      "loss_last": 0.9677755832672119,
      "wall_s": 12.650591850280762
    },
    {
      "mode": "train",
      "precision": "fp8_qat",
      "batch_size": 4,
      "ok": true,
      "gpu_util_avg": 99.5,
      "gpu_util_min": 99.0,
      "power_w_avg": 401.4,
      "sm_clock_mhz_avg": 1980,
      "util_samples": 44,
      "ms_per_iter_median": 436.2392988987267,
      "ms_per_iter_mean": 436.21773656923324,
      "samples_per_s": 9.169279361345671,
      "tokens_per_s": 9389.342066017967,
      "peak_mem_gib": 40.22831726074219,
      "replaced_linears": 197,
      "skipped_linears": 0,
      "loss_first": 12.216191291809082,
      "loss_last": 0.7201724052429199,
      "wall_s": 11.38429856300354
    },
    {
      "mode": "train",
      "precision": "int8_qat",
      "batch_size": 4,
      "ok": true,
      "gpu_util_avg": 99.5,
      "gpu_util_min": 99.0,
      "power_w_avg": 398.6,
      "sm_clock_mhz_avg": 1980,
      "util_samples": 43,
      "ms_per_iter_median": 429.3603920377791,
      "ms_per_iter_mean": 429.3715388746932,
      "samples_per_s": 9.316183034526489,
      "tokens_per_s": 9539.771427355125,
      "peak_mem_gib": 40.22831726074219,
      "replaced_linears": 197,
      "skipped_linears": 0,
      "loss_first": 12.215619087219238,
      "loss_last": 0.3926653563976288,
      "wall_s": 11.106542348861694
    },
    {
      "mode": "train",
      "precision": "int4_qat",
      "batch_size": 4,
      "ok": true,
      "gpu_util_avg": 99.5,
      "gpu_util_min": 99.0,
      "power_w_avg": 396.7,
      "sm_clock_mhz_avg": 1980,
      "util_samples": 43,
      "ms_per_iter_median": 429.002600023523,
      "ms_per_iter_mean": 428.99945282842964,
      "samples_per_s": 9.323952814693135,
      "tokens_per_s": 9547.72768224577,
      "peak_mem_gib": 40.22831726074219,
      "replaced_linears": 197,
      "skipped_linears": 0,
      "loss_first": 12.247638702392578,
      "loss_last": 0.8354920744895935,
      "wall_s": 11.092512845993042
    },
    {
      "mode": "infer",
      "precision": "fp32",
      "batch_size": 16,
      "ok": true,
      "gpu_util_avg": 100.0,
      "gpu_util_min": 99.0,
      "power_w_avg": 660.7,
      "sm_clock_mhz_avg": 1980,
      "util_samples": 129,
      "ms_per_iter_median": 1293.9925179816782,
      "ms_per_iter_mean": 1294.0006840741262,
      "samples_per_s": 12.364831927278999,
      "tokens_per_s": 12661.587893533695,
      "peak_mem_gib": 15.762259483337402,
      "replaced_linears": 0,
      "skipped_linears": 0,
      "logit_cos_vs_fp32": 1.0,
      "wall_s": 32.909332036972046
    },
    {
      "mode": "infer",
      "precision": "tf32",
      "batch_size": 16,
      "ok": true,
      "gpu_util_avg": 100.0,
      "gpu_util_min": 99.0,
      "power_w_avg": 534.4,
      "sm_clock_mhz_avg": 1971,
      "util_samples": 47,
      "ms_per_iter_median": 470.6687175203115,
      "ms_per_iter_mean": 470.6242301268503,
      "samples_per_s": 33.99418615346903,
      "tokens_per_s": 34810.04662115229,
      "peak_mem_gib": 15.762259483337402,
      "replaced_linears": 0,
      "skipped_linears": 0,
      "logit_cos_vs_fp32": 0.9999972581863403,
      "wall_s": 12.14596962928772
    },
    {
      "mode": "infer",
      "precision": "bf16",
      "batch_size": 16,
      "ok": true,
      "gpu_util_avg": 99.9,
      "gpu_util_min": 99.0,
      "power_w_avg": 586.8,
      "sm_clock_mhz_avg": 1962,
      "util_samples": 16,
      "ms_per_iter_median": 162.02996391803026,
      "ms_per_iter_mean": 162.0455559808761,
      "samples_per_s": 98.74716758003032,
      "tokens_per_s": 101117.09960195105,
      "peak_mem_gib": 8.20327377319336,
      "replaced_linears": 0,
      "skipped_linears": 0,
      "logit_cos_vs_fp32": 0.9901220202445984,
      "wall_s": 5.286325693130493
    },
    {
      "mode": "infer",
      "precision": "fp16",
      "batch_size": 16,
      "ok": true,
      "gpu_util_avg": 99.9,
      "gpu_util_min": 99.0,
      "power_w_avg": 592.6,
      "sm_clock_mhz_avg": 1949,
      "util_samples": 16,
      "ms_per_iter_median": 163.28495531342924,
      "ms_per_iter_mean": 163.28153205104172,
      "samples_per_s": 97.98820699241783,
      "tokens_per_s": 100339.92396023586,
      "peak_mem_gib": 8.20327377319336,
      "replaced_linears": 0,
      "skipped_linears": 0,
      "logit_cos_vs_fp32": 0.9997447729110718,
      "wall_s": 5.196729898452759
    },
    {
      "mode": "infer",