{
  "header": {
    "modality": "lang7",
    "model": "Qwen2.5-7B (random init)",
    "gpu": "NVIDIA H100",
    "gpu_mem_gib": 63.43011474609375,
    "capability": "9.0",
    "torch": "2.11.0+cu128",
    "cuda": "12.8",
    "selftest_cos_vs_fp32": {
      "fp8": 0.9993259310722351,
      "int8": 0.999958872795105,
      "int4": 0.997891902923584,
      "fp8_train": 0.9993239045143127,
      "int4_qat": 0.9974693655967712
    }
  },
  "records": [
    {
      "mode": "infer",
      "precision": "fp32",
      "batch_size": 16,
      "ok": true,
      "fused": true,
      "gpu_util_avg": 100.0,
      "gpu_util_min": 98.0,
      "power_w_avg": 691.9,
      "sm_clock_mhz_avg": 1959,
      "util_samples": 514,
      "ms_per_iter_median": 5173.502895486308,
      "ms_per_iter_mean": 5172.249934700085,
      "samples_per_s": 3.0926821388192156,
      "tokens_per_s": 3166.906510150877,
      "peak_mem_gib": 38.48293209075928,
      "replaced_linears": 0,
      "skipped_linears": 0,
      "logit_cos_vs_fp32": 0.9999999403953552,
      "wall_s": 129.9381606578827
    },
    {
      "mode": "infer",
      "precision": "tf32",
      "batch_size": 16,
      "ok": true,
      "fused": true,
      "gpu_util_avg": 100.0,
      "gpu_util_min": 99.0,
      "power_w_avg": 686.1,
      "sm_clock_mhz_avg": 1891,
      "util_samples": 102,
      "ms_per_iter_median": 1017.7866195153911,
      "ms_per_iter_mean": 1018.0236216518097,
      "samples_per_s": 15.72038744979595,
      "tokens_per_s": 16097.676748591053,
      "peak_mem_gib": 38.48293209075928,
      "replaced_linears": 0,
      "skipped_linears": 0,
      "logit_cos_vs_fp32": 0.999993622303009,
      "wall_s": 40.43719172477722
    },
    {
      "mode": "infer",
      "precision": "bf16",
      "batch_size": 16,
      "ok": true,
      "fused": true,
      "gpu_util_avg": 100.0,
      "gpu_util_min": 99.0,
      "power_w_avg": 693.1,
      "sm_clock_mhz_avg": 1622,
      "util_samples": 42,
      "ms_per_iter_median": 421.6794334934093,
      "ms_per_iter_mean": 421.8339076935081,
      "samples_per_s": 37.94351521355398,
      "tokens_per_s": 38854.159578679275,
      "peak_mem_gib": 29.997824668884277,
      "replaced_linears": 0,
      "skipped_linears": 0,
      "logit_cos_vs_fp32": 0.8880181908607483,
      "wall_s": 18.363991498947144
    },
    {
      "mode": "infer",
      "precision": "fp16",
      "batch_size": 16,
      "ok": true,
      "fused": true,
      "gpu_util_avg": 100.0,
      "gpu_util_min": 99.0,
      "power_w_avg": 689.1,
      "sm_clock_mhz_avg": 1596,
      "util_samples": 43,
      "ms_per_iter_median": 427.60752150206827,
      "ms_per_iter_mean": 427.52918524784036,
      "samples_per_s": 37.41748962646021,
      "tokens_per_s": 38315.509377495255,
      "peak_mem_gib": 29.997824668884277,
      "replaced_linears": 0,
      "skipped_linears": 0,
      "logit_cos_vs_fp32": 0.996385931968689,
      "wall_s": 18.473104000091553
    },
    {
      "mode": "infer",
      "precision": "fp8",
      "batch_size": 16,
      "ok": true,
      "fused": true,
      "gpu_util_avg": 100.0,
      "gpu_util_min": 99.0,
      "power_w_avg": 659.4,
      "sm_clock_mhz_avg": 1764,
      "util_samples": 32,
      "ms_per_iter_median": 313.17658550688066,
      "ms_per_iter_mean": 313.2438479573466,
      "samples_per_s": 51.08938771429472,
      "tokens_per_s": 52315.5330194378,
      "peak_mem_gib": 29.997824668884277,
      "replaced_linears": 197,
      "skipped_linears": 0,
      "logit_cos_vs_fp32": 0.7545528411865234,
      "wall_s": 19.002630949020386
    },
    {
      "mode": "infer",
      "precision": "int8",
      "batch_size": 16,
      "ok": true,
      "fused": true,
      "gpu_util_avg": 100.0,
      "gpu_util_min": 99.0,
      "power_w_avg": 376.8,
      "sm_clock_mhz_avg": 1980,
      "util_samples": 196,
      "ms_per_iter_median": 1967.265559011139,
      "ms_per_iter_mean": 1967.2699809045298,
      "samples_per_s": 8.133116511246465,
      "tokens_per_s": 8328.31130751638,
      "peak_mem_gib": 29.997824668884277,
      "replaced_linears": 197,
      "skipped_linears": 0,
      "logit_cos_vs_fp32": 0.859171986579895,
      "wall_s": 84.45159721374512
    },
    {
      "mode": "infer",
      "precision": "int4",
      "batch_size": 16,
      "ok": true,
      "fused": true,
      "gpu_util_avg": 100.0,
      "gpu_util_min": 99.0,
      "power_w_avg": 387.5,
      "sm_clock_mhz_avg": 1979,
      "util_samples": 791,
      "ms_per_iter_median": 7953.683558473131,
      "ms_per_iter_mean": 7953.576966543915,
      "samples_per_s": 2.0116465386600724,
      "tokens_per_s": 2059.926055587914,
      "peak_mem_gib": 29.997824668884277,
      "replaced_linears": 196,
      "skipped_linears": 1,
      "logit_cos_vs_fp32": 0.40656810998916626,
      "wall_s": 219.6363205909729
    }
  ]
}