{
  "header": {
    "modality": "lang",
    "model": "Qwen2.5-1.5B (random init)",
    "gpu": "NVIDIA H100",
    "gpu_mem_gib": 63.43011474609375,
    "capability": "9.0",
    "torch": "2.11.0+cu128",
    "cuda": "12.8",
    "selftest_cos_vs_fp32": {
      "fp8": 0.9993259310722351,
      "int8": 0.999958872795105,
      "int4": 0.997891902923584,
      "fp8_train": 0.9993239045143127,
      "int4_qat": 0.9974693655967712
    }
  },
  "records": [
    {
      "mode": "train",
      "precision": "fp32",
      "batch_size": 4,
      "ok": true,
      "fused": true,
      "gpu_util_avg": 99.8,
      "gpu_util_min": 99.0,
      "power_w_avg": 617.6,
      "sm_clock_mhz_avg": 1976,
      "util_samples": 109,
      "ms_per_iter_median": 1098.2785928063095,
      "ms_per_iter_mean": 1098.0767750181258,
      "samples_per_s": 3.6420631579272102,
      "tokens_per_s": 3729.4726737174633,
      "peak_mem_gib": 51.46815872192383,
      "replaced_linears": 0,
      "skipped_linears": 0,
      "loss_first": 12.215668678283691,
      "loss_last": 0.2460336834192276,
      "wall_s": 27.91002893447876
    },
    {
      "mode": "train",
      "precision": "tf32",
      "batch_size": 4,
      "ok": true,
      "fused": true,
      "gpu_util_avg": 99.9,
      "gpu_util_min": 99.0,
      "power_w_avg": 551.1,
      "sm_clock_mhz_avg": 1980,
      "util_samples": 37,
      "ms_per_iter_median": 374.14699187502265,
      "ms_per_iter_mean": 373.98928347975016,
      "samples_per_s": 10.6909853262595,
      "tokens_per_s": 10947.568974089729,
      "peak_mem_gib": 41.074177742004395,
      "replaced_linears": 0,
      "skipped_linears": 0,
      "loss_first": 12.215675354003906,
      "loss_last": 0.24201124906539917,
      "wall_s": 28.919189929962158
    },
    {
      "mode": "train",
      "precision": "bf16",
      "batch_size": 4,
      "ok": true,
      "fused": true,
      "gpu_util_avg": 99.2,
      "gpu_util_min": 99.0,
      "power_w_avg": 482.8,
      "sm_clock_mhz_avg": 1968,
      "util_samples": 20,
      "ms_per_iter_median": 205.1268583163619,
      "ms_per_iter_mean": 205.11919944547117,
      "samples_per_s": 19.50012803214147,
      "tokens_per_s": 19968.131104912864,
      "peak_mem_gib": 32.729599952697754,
      "replaced_linears": 0,
      "skipped_linears": 0,
      "loss_first": 12.215946197509766,
      "loss_last": 0.5226492881774902,
      "wall_s": 11.213266849517822
    },
    {
      "mode": "train",
      "precision": "fp16",
      "batch_size": 4,
      "ok": true,
      "fused": true,
      "gpu_util_avg": 99.0,
      "gpu_util_min": 98.0,
      "power_w_avg": 475.7,
      "sm_clock_mhz_avg": 1971,
      "util_samples": 21,
      "ms_per_iter_median": 215.24202218279243,
      "ms_per_iter_mean": 215.2534863911569,
      "samples_per_s": 18.583731742693974,
      "tokens_per_s": 19029.74130451863,
      "peak_mem_gib": 32.72960186004639,
      "replaced_linears": 0,
      "skipped_linears": 0,
      "loss_first": 12.215946197509766,
      "loss_last": 0.5226944088935852,
      "wall_s": 8.117212533950806
    },
    {
      "mode": "train",
      "precision": "fp8_train",
      "batch_size": 4,
      "ok": true,
      "fused": true,
      "gpu_util_avg": 99.0,
      "gpu_util_min": 99.0,
      "power_w_avg": 432.2,
      "sm_clock_mhz_avg": 1980,
      "util_samples": 21,
      "ms_per_iter_median": 210.4406487196684,
      "ms_per_iter_mean": 210.4514197446406,
      "samples_per_s": 19.007734600402554,
      "tokens_per_s": 19463.920230812215,
      "peak_mem_gib": 28.81846570968628,
      "replaced_linears": 197,
      "skipped_linears": 0,
      "loss_first": 12.2164306640625,
      "loss_last": 0.7280557155609131,
      "wall_s": 42.55813455581665
    },
    {
      "mode": "train",
      "precision": "fp8_qat",
      "batch_size": 4,
      "ok": true,
      "fused": true,
      "gpu_util_avg": 99.1,
      "gpu_util_min": 99.0,
      "power_w_avg": 486.3,
      "sm_clock_mhz_avg": 1971,
      "util_samples": 21,
      "ms_per_iter_median": 214.58555571734905,
      "ms_per_iter_mean": 214.56221234984696,
      "samples_per_s": 18.64058364333142,
      "tokens_per_s": 19087.957650771375,
      "peak_mem_gib": 33.058701515197754,
      "replaced_linears": 197,
      "skipped_linears": 0,
      "loss_first": 12.220352172851562,
      "loss_last": 0.728049099445343,
      "wall_s": 11.90262746810913
    },
    {
      "mode": "train",
      "precision": "int8_qat",
      "batch_size": 4,
      "ok": true,
      "fused": true,
      "gpu_util_avg": 99.0,
      "gpu_util_min": 99.0,
      "power_w_avg": 481.7,
      "sm_clock_mhz_avg": 1974,
      "util_samples": 21,
      "ms_per_iter_median": 206.46205497905612,
      "ms_per_iter_mean": 206.4568413887173,
      "samples_per_s": 19.374020085219858,
      "tokens_per_s": 19838.996567265134,
      "peak_mem_gib": 33.058701515197754,
      "replaced_linears": 197,
      "skipped_linears": 0,
      "loss_first": 12.215468406677246,
      "loss_last": 0.3888988196849823,
      "wall_s": 11.579597234725952
    },
    {
      "mode": "train",
      "precision": "int4_qat",
      "batch_size": 4,
      "ok": true,
      "fused": true,
      "gpu_util_avg": 99.0,
      "gpu_util_min": 99.0,
      "power_w_avg": 477.6,
      "sm_clock_mhz_avg": 1978,
      "util_samples": 21,
      "ms_per_iter_median": 206.16892678663135,
      "ms_per_iter_mean": 206.20320360176265,
      "samples_per_s": 19.401565805014283,
      "tokens_per_s": 19867.203384334625,
      "peak_mem_gib": 33.058701515197754,
      "replaced_linears": 197,
      "skipped_linears": 0,
      "loss_first": 12.245308876037598,
      "loss_last": 0.828034520149231,
      "wall_s": 10.910782098770142
    },
    {
      "mode": "infer",
      "precision": "fp32",
      "batch_size": 16,
      "ok": true,
      "fused": true,
      "gpu_util_avg": 100.0,
      "gpu_util_min": 99.0,
      "power_w_avg": 670.5,
      "sm_clock_mhz_avg": 1980,
      "util_samples": 129,
      "ms_per_iter_median": 1293.9778380095959,
      "ms_per_iter_mean": 1294.0246678888798,
      "samples_per_s": 12.364972204324065,
      "tokens_per_s": 12661.731537227843,
      "peak_mem_gib": 15.762259483337402,
      "replaced_linears": 0,
      "skipped_linears": 0,
      "logit_cos_vs_fp32": 1.0,
      "wall_s": 33.05624032020569
    },
    {
      "mode": "infer",
      "precision": "tf32",
      "batch_size": 16,
      "ok": true,
      "fused": true,
      "gpu_util_avg": 100.0,
      "gpu_util_min": 99.0,
      "power_w_avg": 646.2,
      "sm_clock_mhz_avg": 1953,
      "util_samples": 31,
      "ms_per_iter_median": 308.11077635735273,
      "ms_per_iter_mean": 308.2065293099731,
      "samples_per_s": 51.92937484745063,
      "tokens_per_s": 53175.67984378945,
      "peak_mem_gib": 15.762259483337402,
      "replaced_linears": 0,
      "skipped_linears": 0,
      "logit_cos_vs_fp32": 0.9999980926513672,
      "wall_s": 35.50307869911194
    },
    {
      "mode": "infer",
      "precision": "bf16",
      "batch_size": 16,
      "ok": true,
      "fused": true,
      "gpu_util_avg": 99.8,
      "gpu_util_min": 99.0,
      "power_w_avg": 644.2,
      "sm_clock_mhz_avg": 1795,
      "util_samples": 12,
      "ms_per_iter_median": 116.50663893669844,
      "ms_per_iter_mean": 116.51062164455652,
      "samples_per_s": 137.331229756729,
      "tokens_per_s": 140627.17927089048,
      "peak_mem_gib": 8.20327377319336,
      "replaced_linears": 0,
      "skipped_linears": 0,
      "logit_cos_vs_fp32": 0.9903131723403931,
      "wall_s": 30.380550861358643
    },
    {
      "mode": "infer",
      "precision": "fp16",
      "batch_size": 16,
      "ok": true,
      "fused": true,
      "gpu_util_avg": 99.8,
      "gpu_util_min": 99.0,
      "power_w_avg": 661.0,
      "sm_clock_mhz_avg": 1758,
      "util_samples": 12,
      "ms_per_iter_median": 117.7524458616972,
      "ms_per_iter_mean": 117.77995326556265,
      "samples_per_s": 135.8782816179661,