{
  "model": "Qwen2.5-1.5B (random init)",
  "records": [
    {
      "variant": "bf16_master",
      "ok": true,
      "steps": 30,
      "wall_s": 8.479257666971534,
      "losses": [
        12.2147,
        12.0228,
        11.8327,
        11.6463,
        11.4624,
        11.2818,
        11.1042,
        10.929,
        10.7553,
        10.5822,
        10.412,
        10.2425,
        10.0749,
        9.9072,
        9.7413,
        9.5764,
        9.4134,
        9.2513,
        9.0907,
        8.9303,
        8.7716,
        8.6132,
        8.4561,
        8.2999,
        8.1447,
        7.9893,
        7.8356,
        7.6824,
        7.5297,
        7.3784
      ],
      "loss_drop": 4.8363000000000005
    },
    {
      "variant": "fp8_master_rtn",
      "ok": true,
      "steps": 30,
      "wall_s": 7.208274539967533,
      "losses": [
        12.2169,
        12.204,
        12.1928,
        12.1814,
        12.1705,
        12.1609,
        12.1511,
        12.1435,
        12.1347,
        12.1274,
        12.1194,
        12.1119,
        12.1042,
        12.097,
        12.09,
        12.0829,
        12.0751,
        12.0684,
        12.0613,
        12.0549,
        12.0484,
        12.0423,
        12.0368,
        12.0309,
        12.0249,
        12.0203,
        12.0152,
        12.0101,
        12.0064,
        12.0015
      ],
      "loss_drop": 0.2154000000000007
    },
    {
      "variant": "int8_master_rtn",
      "ok": true,
      "steps": 30,
      "wall_s": 7.0877731799846515,
      "losses": [
        12.2151,
        12.2144,
        12.2145,
        12.2141,
        12.2143,
        12.2144,
        12.2145,
        12.2132,
        12.2131,
        12.2135,
        12.2126,
        12.2125,
        12.2132,
        12.2119,
        12.2118,
        12.2121,
        12.2119,
        12.2117,
        12.2115,
        12.2107,
        12.211,
        12.2104,
        12.21,
        12.2101,
        12.2093,
        12.2099,
        12.2101,
        12.2093,
        12.2088,
        12.209
      ],
      "loss_drop": 0.006099999999999994
    },
    {
      "variant": "int8_master_sr",
      "ok": true,
      "steps": 30,
      "wall_s": 7.368278842011932,
      "losses": [
        12.2416,
        12.0481,
        11.8867,
        11.7639,
        11.6877,
        11.671,
        11.8328,
        12.1422,
        12.2165,
        12.23,
        12.2337,
        12.2337,
        12.2316,
        12.2291,
        12.2262,
        12.2233,
        12.2202,
        12.2171,
        12.2137,
        12.2105,
        12.2073,
        12.204,
        12.2006,
        12.1977,
        12.1947,
        12.1916,
        12.1884,
        12.1848,
        12.1811,
        12.1784
      ],
      "loss_drop": 0.06320000000000014
    },
    {
      "variant": "int4_master_rtn",
      "ok": true,
      "steps": 30,
      "wall_s": 7.081063849967904,
      "losses": [
        12.2263,
        12.2262,
        12.2255,
        12.2259,
        12.2255,
        12.2256,
        12.2247,
        12.2255,
        12.2247,
        12.2246,
        12.2245,
        12.2233,
        12.224,
        12.2235,
        12.2237,
        12.2228,
        12.2227,
        12.2226,
        12.2224,
        12.2222,
        12.2219,
        12.2222,
        12.2215,
        12.2208,
        12.2209,
        12.2206,
        12.2209,
        12.221,
        12.22,
        12.2202
      ],
      "loss_drop": 0.006099999999999994
    },
    {
      "variant": "int4_master_sr",
      "ok": true,
      "steps": 30,
      "wall_s": 7.370535230031237,
      "losses": [
        12.2638,
        12.0091,
        11.819,
        11.6822,
        11.6022,
        11.5608,
        11.54,
        11.6266,
        11.9117,
        12.1169,
        12.2052,
        12.233,
        12.2371,
        12.2395,
        12.237,
        12.2311,
        12.2251,
        12.2179,
        12.2135,
        12.2079,
        12.2016,
        12.195,
        12.1886,
        12.1813,
        12.1752,
        12.1685,
        12.1606,
        12.1532,
        12.146,
        12.1384
      ],
      "loss_drop": 0.12539999999999907
    }
  ]
}