{
  "header": {
    "modality": "mm",
    "model": "Qwen2-VL-2B (random init), 224px image + 64 text tokens",
    "gpu": "NVIDIA H100",
    "gpu_mem_gib": 63.43011474609375,
    "capability": "9.0",
    "torch": "2.11.0+cu128",
    "cuda": "12.8",
    "selftest_cos_vs_fp32": {
      "fp8": 0.9993259310722351,
      "int8": 0.999958872795105,
      "int4": 0.997891902923584,
      "fp8_train": 0.9993239045143127,
      "int4_qat": 0.9974693655967712
    }
  },
  "records": [
    {
      "mode": "train",
      "precision": "fp32",
      "batch_size": 4,
      "ok": true,
      "gpu_util_avg": 98.3,
      "gpu_util_min": 96.0,
      "power_w_avg": 472.1,
      "sm_clock_mhz_avg": 1980,
      "util_samples": 44,
      "ms_per_iter_median": 441.34802697226405,
      "ms_per_iter_mean": 441.34228620678186,
      "samples_per_s": 9.063142362821472,
      "tokens_per_s": 1178.2085071667914,
      "peak_mem_gib": 41.21354579925537,
      "replaced_linears": 0,
      "skipped_linears": 0,
      "loss_first": 12.209552764892578,
      "loss_last": 1.321201205253601,
      "wall_s": 11.500244140625
    },
    {
      "mode": "train",
      "precision": "tf32",
      "batch_size": 4,
      "ok": true,
      "gpu_util_avg": 96.9,
      "gpu_util_min": 95.0,
      "power_w_avg": 358.6,
      "sm_clock_mhz_avg": 1980,
      "util_samples": 26,
      "ms_per_iter_median": 259.8730777390301,
      "ms_per_iter_mean": 260.2699971757829,
      "samples_per_s": 15.39212924555764,
      "tokens_per_s": 2000.9768019224935,
      "peak_mem_gib": 41.21354579925537,
      "replaced_linears": 0,
      "skipped_linears": 0,
      "loss_first": 12.20946216583252,
      "loss_last": 1.3312036991119385,
      "wall_s": 6.994787216186523
    },
    {
      "mode": "train",
      "precision": "bf16",
      "batch_size": 4,
      "ok": true,
      "gpu_util_avg": 95.5,
      "gpu_util_min": 94.0,
      "power_w_avg": 323.5,
      "sm_clock_mhz_avg": 1980,
      "util_samples": 23,
      "ms_per_iter_median": 230.24783562868834,
      "ms_per_iter_mean": 230.55434823036194,
      "samples_per_s": 17.372584585119156,
      "tokens_per_s": 2258.43599606549,
      "peak_mem_gib": 41.21354579925537,
      "replaced_linears": 0,
      "skipped_linears": 0,
      "loss_first": 12.209178924560547,
      "loss_last": 1.6022602319717407,
      "wall_s": 8.282517910003662
    },
    {
      "mode": "train",
      "precision": "fp16",
      "batch_size": 4,
      "ok": true,
      "gpu_util_avg": 95.0,
      "gpu_util_min": 94.0,
      "power_w_avg": 321.3,
      "sm_clock_mhz_avg": 1980,
      "util_samples": 25,
      "ms_per_iter_median": 244.91969496011734,
      "ms_per_iter_mean": 244.97014596126974,
      "samples_per_s": 16.331883806450758,
      "tokens_per_s": 2123.1448948385987,
      "peak_mem_gib": 41.213547229766846,
      "replaced_linears": 0,
      "skipped_linears": 0,
      "loss_first": 12.209656715393066,
      "loss_last": 1.3264179229736328,
      "wall_s": 8.702112436294556
    },
    {
      "mode": "train",
      "precision": "fp8_train",
      "batch_size": 4,
      "ok": true,
      "gpu_util_avg": 96.1,
      "gpu_util_min": 92.0,
      "power_w_avg": 314.0,
      "sm_clock_mhz_avg": 1980,
      "util_samples": 36,
      "ms_per_iter_median": 358.5259444080293,
      "ms_per_iter_mean": 358.5187388584018,
      "samples_per_s": 11.15679370597432,
      "tokens_per_s": 1450.3831817766613,
      "peak_mem_gib": 41.21452236175537,
      "replaced_linears": 327,
      "skipped_linears": 0,
      "loss_first": 12.21764087677002,
      "loss_last": 2.0733141899108887,
      "wall_s": 9.403633117675781
    },
    {
      "mode": "train",
      "precision": "fp8_qat",
      "batch_size": 4,
      "ok": true,
      "gpu_util_avg": 96.6,
      "gpu_util_min": 93.0,
      "power_w_avg": 321.5,
      "sm_clock_mhz_avg": 1980,
      "util_samples": 36,
      "ms_per_iter_median": 362.6973028294742,
      "ms_per_iter_mean": 362.6929346937686,
      "samples_per_s": 11.028480137004603,
      "tokens_per_s": 1433.7024178105985,
      "peak_mem_gib": 41.21452236175537,
      "replaced_linears": 327,
      "skipped_linears": 0,
      "loss_first": 12.226194381713867,
      "loss_last": 1.6093921661376953,
      "wall_s": 9.378856897354126
    },
    {
      "mode": "train",
      "precision": "int8_qat",
      "batch_size": 4,
      "ok": true,
      "gpu_util_avg": 96.5,
      "gpu_util_min": 93.0,
      "power_w_avg": 313.9,
      "sm_clock_mhz_avg": 1980,
      "util_samples": 36,
      "ms_per_iter_median": 356.12822277471423,
      "ms_per_iter_mean": 356.2718859873712,
      "samples_per_s": 11.231909588166477,
      "tokens_per_s": 1460.148246461642,
      "peak_mem_gib": 41.21452236175537,
      "replaced_linears": 327,
      "skipped_linears": 0,
      "loss_first": 12.214332580566406,
      "loss_last": 1.3946048021316528,
      "wall_s": 9.323532581329346
    },
    {
      "mode": "train",
      "precision": "int4_qat",
      "batch_size": 4,
      "ok": true,
      "gpu_util_avg": 96.1,
      "gpu_util_min": 91.0,
      "power_w_avg": 314.6,
      "sm_clock_mhz_avg": 1980,
      "util_samples": 36,
      "ms_per_iter_median": 356.50925850495696,
      "ms_per_iter_mean": 357.1057617664337,
      "samples_per_s": 11.21990496621109,
      "tokens_per_s": 1458.5876456074418,
      "peak_mem_gib": 41.21452236175537,
      "replaced_linears": 327,
      "skipped_linears": 0,
      "loss_first": 12.150625228881836,
      "loss_last": 1.342633605003357,
      "wall_s": 9.350934982299805
    },
    {
      "mode": "infer",
      "precision": "fp32",
      "batch_size": 8,
      "ok": true,
      "gpu_util_avg": 97.5,
      "gpu_util_min": 96.0,
      "power_w_avg": 580.7,
      "sm_clock_mhz_avg": 1980,
      "util_samples": 19,
      "ms_per_iter_median": 183.62448457628489,
      "ms_per_iter_mean": 183.81757577881217,
      "samples_per_s": 43.5671747069029,
      "tokens_per_s": 5663.732711897376,
      "peak_mem_gib": 8.970742225646973,
      "replaced_linears": 0,
      "skipped_linears": 0,
      "logit_cos_vs_fp32": 1.0,
      "wall_s": 5.050326347351074
    },
    {
      "mode": "infer",
      "precision": "tf32",
      "batch_size": 8,
      "ok": true,
      "gpu_util_avg": 92.9,
      "gpu_util_min": 92.0,
      "power_w_avg": 418.0,
      "sm_clock_mhz_avg": 1980,
      "util_samples": 7,
      "ms_per_iter_median": 66.65702164173126,
      "ms_per_iter_mean": 66.78047133609653,
      "samples_per_s": 120.01736355696282,
      "tokens_per_s": 15602.257262405168,
      "peak_mem_gib": 8.970742225646973,
      "replaced_linears": 0,
      "skipped_linears": 0,
      "logit_cos_vs_fp32": 0.9999985694885254,
      "wall_s": 2.039745807647705
    },
    {
      "mode": "infer",
      "precision": "bf16",
      "batch_size": 8,
      "ok": true,
      "gpu_util_avg": 73.5,
      "gpu_util_min": 44.0,
      "power_w_avg": 267.6,
      "sm_clock_mhz_avg": 1980,
      "util_samples": 4,
      "ms_per_iter_median": 39.29421538487077,
      "ms_per_iter_mean": 39.66847634874284,
      "samples_per_s": 203.59230796806278,
      "tokens_per_s": 26467.000035848163,
      "peak_mem_gib": 8.450852394104004,
      "replaced_linears": 0,
      "skipped_linears": 0,
      "logit_cos_vs_fp32": 0.9996088743209839,
      "wall_s": 2.529681444168091
    },
    {
      "mode": "infer",
      "precision": "fp16",
      "batch_size": 8,
      "ok": true,
      "gpu_util_avg": 80.5,
      "gpu_util_min": 73.0,
      "power_w_avg": 265.5,
      "sm_clock_mhz_avg": 1980,
      "util_samples": 4,
      "ms_per_iter_median": 39.4858350045979,
      "ms_per_iter_mean": 39.757330156862736,
      "samples_per_s": 202.6043009871374,
      "tokens_per_s": 26338.559128327863,
      "peak_mem_gib": 8.392774105072021,
      "replaced_linears": 0,
      "skipped_linears": 0,
      "logit_cos_vs_fp32": 0.9999940395355225,
      "wall_s": 2.544830560684204
    },
    {
      "mode": "infer",