{
  "table": "4-series lang32 fused ngpu=4",
  "records": [
    {
      "precision": "bf16",
      "ok": true,
      "ngpu": 4,
      "fused": true,
      "replaced_linears": 0,
      "ms_per_iter_median": 2133.3803683519363,
      "tokens_per_s": 7679.830677666191,
      "peak_mem_gib_per_gpu": [
        18.84,
        19.4,
        19.4,
        18.99
      ],
      "logit_cos_vs_fp32": 0.7100007790066029,
      "logit_mean_rel_err": 2.952732468954177,
      "gpu_util_avg": 25.0,
      "gpu_util_min": 0.0,
      "power_w_avg": 261.9,
      "sm_clock_mhz_avg": 1917,
      "util_samples": 816
    }
  ]
}