{
  "header": {
    "modality": "mm",
    "model": "Qwen2-VL-2B (random init), 224px image + 64 text tokens",
    "gpu": "NVIDIA H100",
    "gpu_mem_gib": 63.43011474609375,
    "capability": "9.0",
    "torch": "2.11.0+cu128",
    "cuda": "12.8",
    "selftest_cos_vs_fp32": {
      "fp8": 0.9993259310722351,
      "int8": 0.999958872795105,
      "int4": 0.997891902923584,
      "fp8_train": 0.9993239045143127,
      "int4_qat": 0.9974693655967712
    }
  },
  "records": [
    {
      "mode": "train",
      "precision": "fp32",
      "batch_size": 4,
      "ok": true,
      "fused": false,
      "gpu_util_avg": 98.5,
      "gpu_util_min": 96.0,
      "power_w_avg": 461.8,
      "sm_clock_mhz_avg": 1980,
      "util_samples": 43,
      "ms_per_iter_median": 442.08673600223847,
      "ms_per_iter_mean": 442.12428694590926,
      "samples_per_s": 9.0479982190186,
      "tokens_per_s": 1176.239768472418,
      "peak_mem_gib": 41.21354579925537,
      "replaced_linears": 0,
      "skipped_linears": 0,
      "loss_first": 12.209552764892578,
      "loss_last": 1.321200966835022,
      "wall_s": 11.316593885421753
    },
    {
      "mode": "train",
      "precision": "tf32",
      "batch_size": 4,
      "ok": true,
      "fused": false,
      "gpu_util_avg": 97.0,
      "gpu_util_min": 95.0,
      "power_w_avg": 346.6,
      "sm_clock_mhz_avg": 1980,
      "util_samples": 26,
      "ms_per_iter_median": 260.8955244941171,
      "ms_per_iter_mean": 261.09457719139755,
      "samples_per_s": 15.331807656555624,
      "tokens_per_s": 1993.134995352231,
      "peak_mem_gib": 41.21354579925537,
      "replaced_linears": 0,
      "skipped_linears": 0,
      "loss_first": 12.20946216583252,
      "loss_last": 1.3327693939208984,
      "wall_s": 6.870097637176514
    },
    {
      "mode": "train",
      "precision": "bf16",
      "batch_size": 4,
      "ok": true,
      "fused": false,
      "gpu_util_avg": 95.6,
      "gpu_util_min": 94.0,
      "power_w_avg": 309.2,
      "sm_clock_mhz_avg": 1980,
      "util_samples": 23,
      "ms_per_iter_median": 231.73309350386262,
      "ms_per_iter_mean": 231.80387385946233,
      "samples_per_s": 17.261237657164088,
      "tokens_per_s": 2243.960895431331,
      "peak_mem_gib": 41.21354579925537,
      "replaced_linears": 0,
      "skipped_linears": 0,
      "loss_first": 12.209178924560547,
      "loss_last": 1.6022602319717407,
      "wall_s": 8.099116563796997
    },
    {
      "mode": "train",
      "precision": "fp16",
      "batch_size": 4,
      "ok": true,
      "fused": false,
      "gpu_util_avg": 95.2,
      "gpu_util_min": 93.0,
      "power_w_avg": 313.2,
      "sm_clock_mhz_avg": 1980,
      "util_samples": 25,
      "ms_per_iter_median": 246.27647700253874,
      "ms_per_iter_mean": 246.27466158999596,
      "samples_per_s": 16.24190847897652,
      "tokens_per_s": 2111.4481022669474,
      "peak_mem_gib": 41.213547229766846,
      "replaced_linears": 0,
      "skipped_linears": 0,
      "loss_first": 12.209656715393066,
      "loss_last": 1.3264179229736328,
      "wall_s": 8.538774728775024
    },
    {
      "mode": "train",
      "precision": "fp8_train",
      "batch_size": 4,
      "ok": true,
      "fused": false,
      "gpu_util_avg": 96.1,
      "gpu_util_min": 93.0,
      "power_w_avg": 296.9,
      "sm_clock_mhz_avg": 1980,
      "util_samples": 36,
      "ms_per_iter_median": 361.5790539770387,
      "ms_per_iter_mean": 361.6522352909669,
      "samples_per_s": 11.06258771354054,
      "tokens_per_s": 1438.1364027602701,
      "peak_mem_gib": 41.21452236175537,
      "replaced_linears": 327,
      "skipped_linears": 0,
      "loss_first": 12.21764087677002,
      "loss_last": 2.0733141899108887,
      "wall_s": 9.467952966690063
    },
    {
      "mode": "train",
      "precision": "fp8_qat",
      "batch_size": 4,
      "ok": true,
      "fused": false,
      "gpu_util_avg": 96.6,
      "gpu_util_min": 94.0,
      "power_w_avg": 305.6,
      "sm_clock_mhz_avg": 1980,
      "util_samples": 37,
      "ms_per_iter_median": 365.2507540246006,
      "ms_per_iter_mean": 365.2784753940068,
      "samples_per_s": 10.951380540423441,
      "tokens_per_s": 1423.6794702550474,
      "peak_mem_gib": 41.21452236175537,
      "replaced_linears": 327,
      "skipped_linears": 0,
      "loss_first": 12.226194381713867,
      "loss_last": 1.6093921661376953,
      "wall_s": 9.572350978851318
    },
    {
      "mode": "train",
      "precision": "int8_qat",
      "batch_size": 4,
      "ok": true,
      "fused": false,
      "gpu_util_avg": 96.4,
      "gpu_util_min": 93.0,
      "power_w_avg": 301.6,
      "sm_clock_mhz_avg": 1980,
      "util_samples": 36,
      "ms_per_iter_median": 358.6092409968842,
      "ms_per_iter_mean": 358.7568437040318,
      "samples_per_s": 11.154202242196973,
      "tokens_per_s": 1450.0462914856064,
      "peak_mem_gib": 41.21452236175537,
      "replaced_linears": 327,
      "skipped_linears": 0,
      "loss_first": 12.214332580566406,
      "loss_last": 1.3946048021316528,
      "wall_s": 9.360527276992798
    },
    {
      "mode": "train",
      "precision": "int4_qat",
      "batch_size": 4,
      "ok": true,
      "fused": false,
      "gpu_util_avg": 96.6,
      "gpu_util_min": 93.0,
      "power_w_avg": 297.3,
      "sm_clock_mhz_avg": 1980,
      "util_samples": 36,
      "ms_per_iter_median": 358.214321982814,
      "ms_per_iter_mean": 358.2332282065181,
      "samples_per_s": 11.166499367917254,
      "tokens_per_s": 1451.644917829243,
      "peak_mem_gib": 41.21452236175537,
      "replaced_linears": 327,
      "skipped_linears": 0,
      "loss_first": 12.150625228881836,
      "loss_last": 1.342633605003357,
      "wall_s": 9.350192785263062
    },
    {
      "mode": "infer",
      "precision": "fp32",
      "batch_size": 8,
      "ok": true,
      "fused": false,
      "gpu_util_avg": 97.7,
      "gpu_util_min": 97.0,
      "power_w_avg": 567.9,
      "sm_clock_mhz_avg": 1980,
      "util_samples": 19,
      "ms_per_iter_median": 184.0991235221736,
      "ms_per_iter_mean": 184.1044837521622,
      "samples_per_s": 43.45485109838912,
      "tokens_per_s": 5649.130642790586,
      "peak_mem_gib": 8.970742225646973,
      "replaced_linears": 0,
      "skipped_linears": 0,
      "logit_cos_vs_fp32": 1.0,
      "wall_s": 5.0758843421936035
    },
    {
      "mode": "infer",
      "precision": "tf32",
      "batch_size": 8,
      "ok": true,
      "fused": false,
      "gpu_util_avg": 92.1,
      "gpu_util_min": 87.0,
      "power_w_avg": 403.1,
      "sm_clock_mhz_avg": 1980,
      "util_samples": 7,
      "ms_per_iter_median": 66.98940802016295,
      "ms_per_iter_mean": 67.0026287989458,
      "samples_per_s": 119.42186438775668,
      "tokens_per_s": 15524.842370408369,
      "peak_mem_gib": 8.970742225646973,
      "replaced_linears": 0,
      "skipped_linears": 0,
      "logit_cos_vs_fp32": 0.9999985694885254,
      "wall_s": 2.009925365447998
    },
    {
      "mode": "infer",
      "precision": "bf16",
      "batch_size": 8,
      "ok": true,
      "fused": false,
      "gpu_util_avg": 76.5,
      "gpu_util_min": 54.0,
      "power_w_avg": 246.2,
      "sm_clock_mhz_avg": 1980,
      "util_samples": 4,
      "ms_per_iter_median": 39.67741547967307,
      "ms_per_iter_mean": 39.713274949463084,
      "samples_per_s": 201.62603595232753,
      "tokens_per_s": 26211.38467380258,
      "peak_mem_gib": 8.450852394104004,
      "replaced_linears": 0,
      "skipped_linears": 0,
      "logit_cos_vs_fp32": 0.9996088743209839,
      "wall_s": 2.5767338275909424
    },
    {
      "mode": "infer",
      "precision": "fp16",
      "batch_size": 8,
      "ok": true,
      "fused": false,
      "gpu_util_avg": 81.2,
      "gpu_util_min": 73.0,
      "power_w_avg": 248.3,
      "sm_clock_mhz_avg": 1980,
      "util_samples": 4,
      "ms_per_iter_median": 39.75551147595979,
      "ms_per_iter_mean": 39.76566425408237,
      "samples_per_s": 201.2299604002733,