{
  "header": {
    "modality": "video",
    "model": "VideoMAE-huge 0.6B, 16 frames (random init)",
    "gpu": "NVIDIA H100",
    "gpu_mem_gib": 63.43011474609375,
    "capability": "9.0",
    "torch": "2.11.0+cu128",
    "cuda": "12.8",
    "selftest_cos_vs_fp32": {
      "fp8": 0.9993259310722351,
      "int8": 0.999958872795105,
      "int4": 0.997891902923584,
      "fp8_train": 0.9993239045143127,
      "int4_qat": 0.9974693655967712
    }
  },
  "records": [
    {
      "mode": "train",
      "precision": "fp32",
      "batch_size": 4,
      "ok": true,
      "fused": false,
      "gpu_util_avg": 99.8,
      "gpu_util_min": 98.0,
      "power_w_avg": 540.4,
      "sm_clock_mhz_avg": 1980,
      "util_samples": 82,
      "ms_per_iter_median": 827.4974925152492,
      "ms_per_iter_mean": 827.5228331505787,
      "samples_per_s": 4.8338515055092905,
      "tokens_per_s": null,
      "peak_mem_gib": 22.727453231811523,
      "replaced_linears": 0,
      "skipped_linears": 0,
      "loss_first": 6.717251777648926,
      "loss_last": 0.0628160834312439,
      "wall_s": 22.670300722122192
    },
    {
      "mode": "train",
      "precision": "tf32",
      "batch_size": 4,
      "ok": true,
      "fused": false,
      "gpu_util_avg": 99.6,
      "gpu_util_min": 99.0,
      "power_w_avg": 484.9,
      "sm_clock_mhz_avg": 1980,
      "util_samples": 44,
      "ms_per_iter_median": 436.50958401849493,
      "ms_per_iter_mean": 436.4074599026935,
      "samples_per_s": 9.16360177748244,
      "tokens_per_s": null,
      "peak_mem_gib": 22.727453231811523,
      "replaced_linears": 0,
      "skipped_linears": 0,
      "loss_first": 6.717241287231445,
      "loss_last": 0.06641770154237747,
      "wall_s": 13.144062995910645
    },
    {
      "mode": "train",
      "precision": "bf16",
      "batch_size": 4,
      "ok": true,
      "fused": false,
      "gpu_util_avg": 98.9,
      "gpu_util_min": 98.0,
      "power_w_avg": 470.6,
      "sm_clock_mhz_avg": 1980,
      "util_samples": 16,
      "ms_per_iter_median": 154.04612899874337,
      "ms_per_iter_mean": 154.04293059254996,
      "samples_per_s": 25.96624807126851,
      "tokens_per_s": null,
      "peak_mem_gib": 18.091800212860107,
      "replaced_linears": 0,
      "skipped_linears": 0,
      "loss_first": 6.7109375,
      "loss_last": 0.04986572265625,
      "wall_s": 6.989568471908569
    },
    {
      "mode": "train",
      "precision": "fp16",
      "batch_size": 4,
      "ok": true,
      "fused": false,
      "gpu_util_avg": 98.5,
      "gpu_util_min": 97.0,
      "power_w_avg": 487.7,
      "sm_clock_mhz_avg": 1980,
      "util_samples": 16,
      "ms_per_iter_median": 159.2052420019172,
      "ms_per_iter_mean": 159.2296534421621,
      "samples_per_s": 25.124800852674376,
      "tokens_per_s": null,
      "peak_mem_gib": 18.091801643371582,
      "replaced_linears": 0,
      "skipped_linears": 0,
      "loss_first": 6.716796875,
      "loss_last": 0.08772468566894531,
      "wall_s": 6.9607093334198
    },
    {
      "mode": "train",
      "precision": "fp8_train",
      "batch_size": 4,
      "ok": true,
      "fused": false,
      "gpu_util_avg": 99.4,
      "gpu_util_min": 99.0,
      "power_w_avg": 379.1,
      "sm_clock_mhz_avg": 1980,
      "util_samples": 32,
      "ms_per_iter_median": 323.2396684761625,
      "ms_per_iter_mean": 323.26702569262125,
      "samples_per_s": 12.374718792582176,
      "tokens_per_s": null,
      "peak_mem_gib": 16.048497676849365,
      "replaced_linears": 193,
      "skipped_linears": 0,
      "loss_first": 6.734375,
      "loss_last": 0.3077392578125,
      "wall_s": 10.060524463653564
    },
    {
      "mode": "train",
      "precision": "fp8_qat",
      "batch_size": 4,
      "ok": true,
      "fused": false,
      "gpu_util_avg": 99.3,
      "gpu_util_min": 98.0,
      "power_w_avg": 408.3,
      "sm_clock_mhz_avg": 1980,
      "util_samples": 27,
      "ms_per_iter_median": 271.7694364837371,
      "ms_per_iter_mean": 271.77436274359934,
      "samples_per_s": 14.71835851651907,
      "tokens_per_s": null,
      "peak_mem_gib": 18.82426881790161,
      "replaced_linears": 193,
      "skipped_linears": 0,
      "loss_first": 6.71875,
      "loss_last": 0.175323486328125,
      "wall_s": 8.790919303894043
    },
    {
      "mode": "train",
      "precision": "int8_qat",
      "batch_size": 4,
      "ok": true,
      "fused": false,
      "gpu_util_avg": 99.3,
      "gpu_util_min": 99.0,
      "power_w_avg": 407.8,
      "sm_clock_mhz_avg": 1980,
      "util_samples": 27,
      "ms_per_iter_median": 265.7338160206564,
      "ms_per_iter_mean": 265.7544637477258,
      "samples_per_s": 15.052657053210972,
      "tokens_per_s": null,
      "peak_mem_gib": 18.824291706085205,
      "replaced_linears": 193,
      "skipped_linears": 0,
      "loss_first": 6.7265625,
      "loss_last": 0.060272216796875,
      "wall_s": 8.764681100845337
    },
    {
      "mode": "train",
      "precision": "int4_qat",
      "batch_size": 4,
      "ok": true,
      "fused": false,
      "gpu_util_avg": 99.3,
      "gpu_util_min": 99.0,
      "power_w_avg": 409.5,
      "sm_clock_mhz_avg": 1980,
      "util_samples": 27,
      "ms_per_iter_median": 265.6591265113093,
      "ms_per_iter_mean": 265.6749318004586,
      "samples_per_s": 15.05688907634693,
      "tokens_per_s": null,
      "peak_mem_gib": 18.824291706085205,
      "replaced_linears": 193,
      "skipped_linears": 0,
      "loss_first": 6.3984375,
      "loss_last": 0.155548095703125,
      "wall_s": 8.770886421203613
    },
    {
      "mode": "infer",
      "precision": "fp32",
      "batch_size": 16,
      "ok": true,
      "fused": false,
      "gpu_util_avg": 100.0,
      "gpu_util_min": 99.0,
      "power_w_avg": 647.5,
      "sm_clock_mhz_avg": 1980,
      "util_samples": 91,
      "ms_per_iter_median": 910.5599164904561,
      "ms_per_iter_mean": 910.4980459000217,
      "samples_per_s": 17.571605899003686,
      "tokens_per_s": null,
      "peak_mem_gib": 4.237795829772949,
      "replaced_linears": 0,
      "skipped_linears": 0,
      "logit_cos_vs_fp32": 1.0000001192092896,
      "wall_s": 24.902199029922485
    },
    {
      "mode": "infer",
      "precision": "tf32",
      "batch_size": 16,
      "ok": true,
      "fused": false,
      "gpu_util_avg": 100.0,
      "gpu_util_min": 99.0,
      "power_w_avg": 573.4,
      "sm_clock_mhz_avg": 1980,
      "util_samples": 39,
      "ms_per_iter_median": 384.65233851457015,
      "ms_per_iter_mean": 384.65170745621435,
      "samples_per_s": 41.59600345025314,
      "tokens_per_s": null,
      "peak_mem_gib": 4.237795829772949,
      "replaced_linears": 0,
      "skipped_linears": 0,
      "logit_cos_vs_fp32": 0.9999999403953552,
      "wall_s": 11.790212392807007
    },
    {
      "mode": "infer",
      "precision": "bf16",
      "batch_size": 16,
      "ok": true,
      "fused": false,
      "gpu_util_avg": 99.9,
      "gpu_util_min": 99.0,
      "power_w_avg": 631.4,
      "sm_clock_mhz_avg": 1899,
      "util_samples": 10,
      "ms_per_iter_median": 97.27340599056333,
      "ms_per_iter_mean": 97.18096645374317,
      "samples_per_s": 164.4848336199124,
      "tokens_per_s": null,
      "peak_mem_gib": 2.571965217590332,
      "replaced_linears": 0,
      "skipped_linears": 0,
      "logit_cos_vs_fp32": 0.9999858140945435,
      "wall_s": 5.181586980819702
    },
    {
      "mode": "infer",
      "precision": "fp16",
      "batch_size": 16,
      "ok": true,
      "fused": false,
      "gpu_util_avg": 99.9,
      "gpu_util_min": 99.0,
      "power_w_avg": 606.3,
      "sm_clock_mhz_avg": 1842,
      "util_samples": 10,
      "ms_per_iter_median": 99.49639448313974,
      "ms_per_iter_mean": 99.5099178981036,
      "samples_per_s": 160.80984726246834,
      "tokens_per_s": null,
      "peak_mem_gib": 2.423098564147949,
      "replaced_linears": 0,
      "skipped_linears": 0,
      "logit_cos_vs_fp32": 0.9999997615814209,