{
  "header": {
    "modality": "image",
    "model": "DINOv2-giant 1.1B + cls head (random init)",
    "gpu": "NVIDIA H100",
    "gpu_mem_gib": 63.43011474609375,
    "capability": "9.0",
    "torch": "2.11.0+cu128",
    "cuda": "12.8",
    "selftest_cos_vs_fp32": {
      "fp8": 0.9993259310722351,
      "int8": 0.999958872795105,
      "int4": 0.997891902923584,
      "fp8_train": 0.9993239045143127,
      "int4_qat": 0.9974693655967712
    }
  },
  "records": [
    {
      "mode": "train",
      "precision": "fp32",
      "batch_size": 16,
      "ok": true,
      "fused": false,
      "gpu_util_avg": 99.8,
      "gpu_util_min": 99.0,
      "power_w_avg": 591.5,
      "sm_clock_mhz_avg": 1980,
      "util_samples": 79,
      "ms_per_iter_median": 789.9410985119175,
      "ms_per_iter_mean": 790.0508891994832,
      "samples_per_s": 20.25467472212881,
      "tokens_per_s": null,
      "peak_mem_gib": 32.446414947509766,
      "replaced_linears": 0,
      "skipped_linears": 0,
      "loss_first": 7.639413833618164,
      "loss_last": 0.00012080917076673359,
      "wall_s": 20.088563919067383
    },
    {
      "mode": "train",
      "precision": "tf32",
      "batch_size": 16,
      "ok": true,
      "fused": false,
      "gpu_util_avg": 99.4,
      "gpu_util_min": 99.0,
      "power_w_avg": 505.6,
      "sm_clock_mhz_avg": 1980,
      "util_samples": 33,
      "ms_per_iter_median": 327.91032950626686,
      "ms_per_iter_mean": 327.89034664456267,
      "samples_per_s": 48.79382733715992,
      "tokens_per_s": null,
      "peak_mem_gib": 32.446414947509766,
      "replaced_linears": 0,
      "skipped_linears": 0,
      "loss_first": 7.63985538482666,
      "loss_last": 0.00012077191786374897,
      "wall_s": 8.686315059661865
    },
    {
      "mode": "train",
      "precision": "bf16",
      "batch_size": 16,
      "ok": true,
      "fused": false,
      "gpu_util_avg": 99.1,
      "gpu_util_min": 99.0,
      "power_w_avg": 430.0,
      "sm_clock_mhz_avg": 1980,
      "util_samples": 22,
      "ms_per_iter_median": 212.51721499720588,
      "ms_per_iter_mean": 212.5111191533506,
      "samples_per_s": 75.28801843281431,
      "tokens_per_s": null,
      "peak_mem_gib": 26.684749603271484,
      "replaced_linears": 0,
      "skipped_linears": 0,
      "loss_first": 7.630859375,
      "loss_last": 0.00012025237083435059,
      "wall_s": 6.511780261993408
    },
    {
      "mode": "train",
      "precision": "fp16",
      "batch_size": 16,
      "ok": true,
      "fused": false,
      "gpu_util_avg": 98.9,
      "gpu_util_min": 98.0,
      "power_w_avg": 427.5,
      "sm_clock_mhz_avg": 1980,
      "util_samples": 22,
      "ms_per_iter_median": 220.70446895668283,
      "ms_per_iter_mean": 220.7218163908692,
      "samples_per_s": 72.49513376704793,
      "tokens_per_s": null,
      "peak_mem_gib": 26.68475103378296,
      "replaced_linears": 0,
      "skipped_linears": 0,
      "loss_first": 7.63818359375,
      "loss_last": 0.0001303553581237793,
      "wall_s": 6.372162342071533
    },
    {
      "mode": "train",
      "precision": "fp8_train",
      "batch_size": 16,
      "ok": true,
      "fused": false,
      "gpu_util_avg": 99.5,
      "gpu_util_min": 98.0,
      "power_w_avg": 368.0,
      "sm_clock_mhz_avg": 1980,
      "util_samples": 39,
      "ms_per_iter_median": 391.8419670080766,
      "ms_per_iter_mean": 391.83015164744575,
      "samples_per_s": 40.83278808078822,
      "tokens_per_s": null,
      "peak_mem_gib": 24.40638256072998,
      "replaced_linears": 240,
      "skipped_linears": 1,
      "loss_first": 7.630859375,
      "loss_last": 0.00015249848365783691,
      "wall_s": 10.137071371078491
    },
    {
      "mode": "train",
      "precision": "fp8_qat",
      "batch_size": 16,
      "ok": true,
      "fused": false,
      "gpu_util_avg": 99.4,
      "gpu_util_min": 98.0,
      "power_w_avg": 390.8,
      "sm_clock_mhz_avg": 1980,
      "util_samples": 34,
      "ms_per_iter_median": 341.11197700258344,
      "ms_per_iter_mean": 341.10096994554624,
      "samples_per_s": 46.90541839250289,
      "tokens_per_s": null,
      "peak_mem_gib": 27.248557567596436,
      "replaced_linears": 241,
      "skipped_linears": 0,
      "loss_first": 7.564453125,
      "loss_last": 0.00012314319610595703,
      "wall_s": 8.910716772079468
    },
    {
      "mode": "train",
      "precision": "int8_qat",
      "batch_size": 16,
      "ok": true,
      "fused": false,
      "gpu_util_avg": 99.4,
      "gpu_util_min": 98.0,
      "power_w_avg": 390.7,
      "sm_clock_mhz_avg": 1980,
      "util_samples": 34,
      "ms_per_iter_median": 336.4323704736307,
      "ms_per_iter_mean": 336.4461318938993,
      "samples_per_s": 47.557849375418726,
      "tokens_per_s": null,
      "peak_mem_gib": 27.248572826385498,
      "replaced_linears": 241,
      "skipped_linears": 0,
      "loss_first": 7.669921875,
      "loss_last": 0.00011201202869415283,
      "wall_s": 8.828912258148193
    },
    {
      "mode": "train",
      "precision": "int4_qat",
      "batch_size": 16,
      "ok": true,
      "fused": false,
      "gpu_util_avg": 99.4,
      "gpu_util_min": 98.0,
      "power_w_avg": 382.4,
      "sm_clock_mhz_avg": 1980,
      "util_samples": 34,
      "ms_per_iter_median": 336.3770959840622,
      "ms_per_iter_mean": 336.38283055333886,
      "samples_per_s": 47.56566422333967,
      "tokens_per_s": null,
      "peak_mem_gib": 27.248572826385498,
      "replaced_linears": 241,
      "skipped_linears": 0,
      "loss_first": 6.8984375,
      "loss_last": 0.0001828521490097046,
      "wall_s": 8.8419349193573
    },
    {
      "mode": "infer",
      "precision": "fp32",
      "batch_size": 64,
      "ok": true,
      "fused": false,
      "gpu_util_avg": 100.0,
      "gpu_util_min": 99.0,
      "power_w_avg": 696.0,
      "sm_clock_mhz_avg": 1970,
      "util_samples": 88,
      "ms_per_iter_median": 876.8983145128004,
      "ms_per_iter_mean": 877.0477312093135,
      "samples_per_s": 72.98451706519475,
      "tokens_per_s": null,
      "peak_mem_gib": 5.914117813110352,
      "replaced_linears": 0,
      "skipped_linears": 0,
      "logit_cos_vs_fp32": 1.0,
      "wall_s": 22.401028394699097
    },
    {
      "mode": "infer",
      "precision": "tf32",
      "batch_size": 64,
      "ok": true,
      "fused": false,
      "gpu_util_avg": 100.0,
      "gpu_util_min": 99.0,
      "power_w_avg": 628.0,
      "sm_clock_mhz_avg": 1980,
      "util_samples": 28,
      "ms_per_iter_median": 275.1830269990023,
      "ms_per_iter_mean": 275.18077834683936,
      "samples_per_s": 232.57248347744948,
      "tokens_per_s": null,
      "peak_mem_gib": 5.914117813110352,
      "replaced_linears": 0,
      "skipped_linears": 0,
      "logit_cos_vs_fp32": 0.9999921321868896,
      "wall_s": 7.252956867218018
    },
    {
      "mode": "infer",
      "precision": "bf16",
      "batch_size": 64,
      "ok": true,
      "fused": false,
      "gpu_util_avg": 99.9,
      "gpu_util_min": 99.0,
      "power_w_avg": 585.9,
      "sm_clock_mhz_avg": 1953,
      "util_samples": 11,
      "ms_per_iter_median": 107.84066599444486,
      "ms_per_iter_mean": 107.8696421958739,
      "samples_per_s": 593.4681449695127,
      "tokens_per_s": null,
      "peak_mem_gib": 4.346078872680664,
      "replaced_linears": 0,
      "skipped_linears": 0,
      "logit_cos_vs_fp32": 0.9983233213424683,
      "wall_s": 3.623622417449951
    },
    {
      "mode": "infer",
      "precision": "fp16",
      "batch_size": 64,
      "ok": true,
      "fused": false,
      "gpu_util_avg": 99.9,
      "gpu_util_min": 99.0,
      "power_w_avg": 603.2,
      "sm_clock_mhz_avg": 1900,
      "util_samples": 11,
      "ms_per_iter_median": 110.13124600867741,
      "ms_per_iter_mean": 110.09784669440705,
      "samples_per_s": 581.1248153403925,
      "tokens_per_s": null,
      "peak_mem_gib": 4.311854362487793,
      "replaced_linears": 0,
      "skipped_linears": 0,