{
  "table": "2: QAT fake-quant scheme",
  "pinned": "Qwen2.5-1.5B, 1xH100, bs=4, seq=1024, AdamW fp32-states, eager, bf16-autocast base",
  "gpu": "NVIDIA H100",
  "records": [
    {
      "scheme": "none",
      "ok": true,
      "replaced_linears": 0,
      "ms_per_step_median": 281.0931361746043,
      "tokens_per_s": 14571.682737410285,
      "peak_mem_gib": 39.89921569824219,
      "loss_first": 12.2458,
      "loss_step30": 0.2196,
      "gpu_util_avg": 95.0,
      "gpu_util_min": 13.0,
      "power_w_avg": 390.2,
      "sm_clock_mhz_avg": 1980,
      "util_samples": 29,
      "update_cos_vs_bf16": 1.0,
      "update_rel_err_vs_bf16": 0.0
    },
    {
      "scheme": "fp8_qat",
      "ok": true,
      "replaced_linears": 197,
      "ms_per_step_median": 435.3267764672637,
      "tokens_per_s": 9409.023798718747,
      "peak_mem_gib": 40.22734069824219,
      "loss_first": 12.2486,
      "loss_step30": 0.2945,
      "gpu_util_avg": 96.8,
      "gpu_util_min": 12.0,
      "power_w_avg": 372.0,
      "sm_clock_mhz_avg": 1980,
      "util_samples": 43,
      "update_cos_vs_bf16": 0.8481773608415202,
      "update_rel_err_vs_bf16": 0.5484524834821211
    },
    {
      "scheme": "int8_qat",
      "ok": true,
      "replaced_linears": 197,
      "ms_per_step_median": 428.368890658021,
      "tokens_per_s": 9561.852154361864,
      "peak_mem_gib": 40.22734069824219,
      "loss_first": 12.2474,
      "loss_step30": 0.1492,
      "gpu_util_avg": 97.2,
      "gpu_util_min": 13.0,
      "power_w_avg": 367.8,
      "sm_clock_mhz_avg": 1980,
      "util_samples": 43,
      "update_cos_vs_bf16": 0.9660343185008395,
      "update_rel_err_vs_bf16": 0.2609297394373695
    },
    {
      "scheme": "int4_qat",
      "ok": true,
      "replaced_linears": 197,
      "ms_per_step_median": 428.2216625288129,
      "tokens_per_s": 9565.139642426195,
      "peak_mem_gib": 40.22734069824219,
      "loss_first": 12.2608,
      "loss_step30": 0.3611,
      "gpu_util_avg": 97.8,
      "gpu_util_min": 23.0,
      "power_w_avg": 364.2,
      "sm_clock_mhz_avg": 1980,
      "util_samples": 43,
      "update_cos_vs_bf16": 0.2522171169307297,
      "update_rel_err_vs_bf16": 1.2202158399084877
    }
  ]
}