{
  "table": "4-series lang32 fused ngpu=4",
  "records": [
    {
      "precision": "tf32",
      "ok": true,
      "ngpu": 4,
      "fused": true,
      "replaced_linears": 0,
      "ms_per_iter_median": 4676.76552478224,
      "tokens_per_s": 3503.275910066685,
      "peak_mem_gib_per_gpu": [
        37.64,
        38.75,
        38.75,
        37.96
      ],
      "logit_cos_vs_fp32": 0.999959424986175,
      "logit_mean_rel_err": 0.04177556242006515,
      "gpu_util_avg": 24.6,
      "gpu_util_min": 0.0,
      "power_w_avg": 269.1,
      "sm_clock_mhz_avg": 1963,
      "util_samples": 1792
    }
  ]
}