{
  "header": {
    "modality": "audio",
    "model": "Whisper-large-v3 1.5B (random init)",
    "gpu": "NVIDIA H100",
    "gpu_mem_gib": 63.43011474609375,
    "capability": "9.0",
    "torch": "2.11.0+cu128",
    "cuda": "12.8",
    "selftest_cos_vs_fp32": {
      "fp8": 0.9993259310722351,
      "int8": 0.999958872795105,
      "int4": 0.997891902923584,
      "fp8_train": 0.9993239045143127,
      "int4_qat": 0.9974693655967712
    }
  },
  "records": [
    {
      "mode": "train",
      "precision": "fp32",
      "batch_size": 4,
      "ok": true,
      "fused": false,
      "gpu_util_avg": 99.8,
      "gpu_util_min": 98.0,
      "power_w_avg": 538.3,
      "sm_clock_mhz_avg": 1980,
      "util_samples": 103,
      "ms_per_iter_median": 1040.5658929958008,
      "ms_per_iter_mean": 1040.5642675526906,
      "samples_per_s": 3.8440621847444523,
      "tokens_per_s": null,
      "peak_mem_gib": 36.04240417480469,
      "replaced_linears": 0,
      "skipped_linears": 0,
      "loss_first": 11.147700309753418,
      "loss_last": 8.165050506591797,
      "wall_s": 26.52827000617981
    },
    {
      "mode": "train",
      "precision": "tf32",
      "batch_size": 4,
      "ok": true,
      "fused": false,
      "gpu_util_avg": 99.6,
      "gpu_util_min": 98.0,
      "power_w_avg": 497.8,
      "sm_clock_mhz_avg": 1980,
      "util_samples": 53,
      "ms_per_iter_median": 530.9954240219668,
      "ms_per_iter_mean": 531.0084939090302,
      "samples_per_s": 7.533021602526134,
      "tokens_per_s": null,
      "peak_mem_gib": 36.04240417480469,
      "replaced_linears": 0,
      "skipped_linears": 0,
      "loss_first": 11.147706985473633,
      "loss_last": 8.159482955932617,
      "wall_s": 13.88862419128418
    },
    {
      "mode": "train",
      "precision": "bf16",
      "batch_size": 4,
      "ok": true,
      "fused": false,
      "gpu_util_avg": 98.3,
      "gpu_util_min": 97.0,
      "power_w_avg": 406.2,
      "sm_clock_mhz_avg": 1980,
      "util_samples": 28,
      "ms_per_iter_median": 276.5864279936068,
      "ms_per_iter_mean": 276.5918821503874,
      "samples_per_s": 14.462025591843064,
      "tokens_per_s": null,
      "peak_mem_gib": 33.04696559906006,
      "replaced_linears": 0,
      "skipped_linears": 0,
      "loss_first": 11.148193359375,
      "loss_last": 8.2119140625,
      "wall_s": 9.472543716430664
    },
    {
      "mode": "train",
      "precision": "fp16",
      "batch_size": 4,
      "ok": true,
      "fused": false,
      "gpu_util_avg": 97.3,
      "gpu_util_min": 96.0,
      "power_w_avg": 415.0,
      "sm_clock_mhz_avg": 1980,
      "util_samples": 29,
      "ms_per_iter_median": 288.24889348470606,
      "ms_per_iter_mean": 288.42300869582687,
      "samples_per_s": 13.876896287937468,
      "tokens_per_s": null,
      "peak_mem_gib": 33.04696702957153,
      "replaced_linears": 0,
      "skipped_linears": 0,
      "loss_first": 11.147613525390625,
      "loss_last": 8.159698486328125,
      "wall_s": 9.779298305511475
    },
    {
      "mode": "train",
      "precision": "fp8_train",
      "batch_size": 4,
      "ok": true,
      "fused": false,
      "gpu_util_avg": 98.8,
      "gpu_util_min": 97.0,
      "power_w_avg": 350.5,
      "sm_clock_mhz_avg": 1980,
      "util_samples": 52,
      "ms_per_iter_median": 522.2151810012292,
      "ms_per_iter_mean": 522.2492213069927,
      "samples_per_s": 7.659677744968859,
      "tokens_per_s": null,
      "peak_mem_gib": 29.23069953918457,
      "replaced_linears": 512,
      "skipped_linears": 1,
      "loss_first": 11.1502685546875,
      "loss_last": 8.2213134765625,
      "wall_s": 13.476321935653687
    },
    {
      "mode": "train",
      "precision": "fp8_qat",
      "batch_size": 4,
      "ok": true,
      "fused": false,
      "gpu_util_avg": 99.2,
      "gpu_util_min": 98.0,
      "power_w_avg": 372.5,
      "sm_clock_mhz_avg": 1980,
      "util_samples": 47,
      "ms_per_iter_median": 466.8480955006089,
      "ms_per_iter_mean": 466.8750741460826,
      "samples_per_s": 8.568097500131673,
      "tokens_per_s": null,
      "peak_mem_gib": 33.94361400604248,
      "replaced_linears": 513,
      "skipped_linears": 0,
      "loss_first": 11.1527099609375,
      "loss_last": 8.267974853515625,
      "wall_s": 12.170347213745117
    },
    {
      "mode": "train",
      "precision": "int8_qat",
      "batch_size": 4,
      "ok": true,
      "fused": false,
      "gpu_util_avg": 99.1,
      "gpu_util_min": 98.0,
      "power_w_avg": 365.6,
      "sm_clock_mhz_avg": 1980,
      "util_samples": 46,
      "ms_per_iter_median": 456.8059144949075,
      "ms_per_iter_mean": 456.7972154909512,
      "samples_per_s": 8.756454049906116,
      "tokens_per_s": null,
      "peak_mem_gib": 33.944000244140625,
      "replaced_linears": 513,
      "skipped_linears": 0,
      "loss_first": 11.1497802734375,
      "loss_last": 8.18115234375,
      "wall_s": 11.88597559928894
    },
    {
      "mode": "train",
      "precision": "int4_qat",
      "batch_size": 4,
      "ok": true,
      "fused": false,
      "gpu_util_avg": 99.1,
      "gpu_util_min": 98.0,
      "power_w_avg": 367.2,
      "sm_clock_mhz_avg": 1980,
      "util_samples": 46,
      "ms_per_iter_median": 456.5493484842591,
      "ms_per_iter_mean": 456.58737945195753,
      "samples_per_s": 8.76137489469643,
      "tokens_per_s": null,
      "peak_mem_gib": 33.944000244140625,
      "replaced_linears": 513,
      "skipped_linears": 0,
      "loss_first": 11.15478515625,
      "loss_last": 8.20050048828125,
      "wall_s": 11.950887203216553
    },
    {
      "mode": "infer",
      "precision": "fp32",
      "batch_size": 8,
      "ok": true,
      "fused": false,
      "gpu_util_avg": 100.0,
      "gpu_util_min": 99.0,
      "power_w_avg": 620.2,
      "sm_clock_mhz_avg": 1980,
      "util_samples": 61,
      "ms_per_iter_median": 606.0547285014763,
      "ms_per_iter_mean": 606.0685222997563,
      "samples_per_s": 13.200128014479326,
      "tokens_per_s": null,
      "peak_mem_gib": 6.537243843078613,
      "replaced_linears": 0,
      "skipped_linears": 0,
      "logit_cos_vs_fp32": 1.0,
      "wall_s": 15.712993144989014
    },
    {
      "mode": "infer",
      "precision": "tf32",
      "batch_size": 8,
      "ok": true,
      "fused": false,
      "gpu_util_avg": 100.0,
      "gpu_util_min": 99.0,
      "power_w_avg": 615.6,
      "sm_clock_mhz_avg": 1980,
      "util_samples": 25,
      "ms_per_iter_median": 250.50856350571848,
      "ms_per_iter_mean": 250.50629520555955,
      "samples_per_s": 31.935036024496544,
      "tokens_per_s": null,
      "peak_mem_gib": 6.537243843078613,
      "replaced_linears": 0,
      "skipped_linears": 0,
      "logit_cos_vs_fp32": 0.9999998807907104,
      "wall_s": 6.603198528289795
    },
    {
      "mode": "infer",
      "precision": "bf16",
      "batch_size": 8,
      "ok": true,
      "fused": false,
      "gpu_util_avg": 99.9,
      "gpu_util_min": 99.0,
      "power_w_avg": 510.4,
      "sm_clock_mhz_avg": 1980,
      "util_samples": 9,
      "ms_per_iter_median": 89.52326051075943,
      "ms_per_iter_mean": 89.52557680604514,
      "samples_per_s": 89.36225014993185,
      "tokens_per_s": null,
      "peak_mem_gib": 5.8767499923706055,
      "replaced_linears": 0,
      "skipped_linears": 0,
      "logit_cos_vs_fp32": 0.9998672008514404,
      "wall_s": 4.409325838088989
    },
    {
      "mode": "infer",
      "precision": "fp16",
      "batch_size": 8,
      "ok": true,
      "fused": false,
      "gpu_util_avg": 99.9,
      "gpu_util_min": 99.0,
      "power_w_avg": 534.7,
      "sm_clock_mhz_avg": 1980,
      "util_samples": 9,
      "ms_per_iter_median": 90.81712400075048,
      "ms_per_iter_mean": 90.79536469944287,
      "samples_per_s": 88.089114118323,
      "tokens_per_s": null,
      "peak_mem_gib": 5.851330280303955,
      "replaced_linears": 0,
      "skipped_linears": 0,
      "logit_cos_vs_fp32": 0.9999983310699463,