{
  "table": "4-series lang32 fused ngpu=4",
  "records": [
    {
      "precision": "fp16",
      "ok": true,
      "ngpu": 4,
      "fused": true,
      "replaced_linears": 0,
      "ms_per_iter_median": 2178.0697009526193,
      "tokens_per_s": 7522.256974987601,
      "peak_mem_gib_per_gpu": [
        18.84,
        19.4,
        19.4,
        18.99
      ],
      "logit_cos_vs_fp32": 0.9848094026382858,
      "logit_mean_rel_err": 0.6952885827551581,
      "gpu_util_avg": 24.8,
      "gpu_util_min": 0.0,
      "power_w_avg": 259.8,
      "sm_clock_mhz_avg": 1910,
      "util_samples": 828
    }
  ]
}