{
  "header": {
    "modality": "lang",
    "model": "Qwen2.5-1.5B (random init)",
    "gpu": "NVIDIA H100",
    "gpu_mem_gib": 63.43011474609375,
    "capability": "9.0",
    "torch": "2.11.0+cu128",
    "cuda": "12.8",
    "selftest_cos_vs_fp32": {
      "fp8": 0.9993259310722351,
      "int8": 0.999958872795105,
      "int4": 0.997891902923584,
      "fp8_train": 0.9993239045143127,
      "int4_qat": 0.9974693655967712
    }
  },
  "records": [
    {
      "mode": "infer",
      "precision": "fp32",
      "batch_size": 16,
      "ok": true,
      "fused": false,
      "gpu_util_avg": 100.0,
      "gpu_util_min": 99.0,
      "power_w_avg": 636.0,
      "sm_clock_mhz_avg": 1980,
      "util_samples": 129,
      "ms_per_iter_median": 1293.4207525104284,
      "ms_per_iter_mean": 1293.4307447168976,
      "samples_per_s": 12.370297885622488,
      "tokens_per_s": 12667.185034877428,
      "peak_mem_gib": 15.730032920837402,
      "replaced_linears": 0,
      "skipped_linears": 0,
      "logit_cos_vs_fp32": 1.0,
      "wall_s": 32.81358194351196
    },
    {
      "mode": "infer",
      "precision": "tf32",
      "batch_size": 16,
      "ok": true,
      "fused": false,
      "gpu_util_avg": 100.0,
      "gpu_util_min": 99.0,
      "power_w_avg": 515.7,
      "sm_clock_mhz_avg": 1974,
      "util_samples": 47,
      "ms_per_iter_median": 470.4529447481036,
      "ms_per_iter_mean": 470.4159264918417,
      "samples_per_s": 34.00977755292177,
      "tokens_per_s": 34826.01221419189,
      "peak_mem_gib": 15.730032920837402,
      "replaced_linears": 0,
      "skipped_linears": 0,
      "logit_cos_vs_fp32": 0.9999972581863403,
      "wall_s": 12.16077733039856
    },
    {
      "mode": "infer",
      "precision": "bf16",
      "batch_size": 16,
      "ok": true,
      "fused": false,
      "gpu_util_avg": 99.9,
      "gpu_util_min": 99.0,
      "power_w_avg": 572.9,
      "sm_clock_mhz_avg": 1963,
      "util_samples": 16,
      "ms_per_iter_median": 161.62643069401383,
      "ms_per_iter_mean": 161.6231877822429,
      "samples_per_s": 98.99370994766757,
      "tokens_per_s": 101369.55898641159,
      "peak_mem_gib": 8.17104721069336,
      "replaced_linears": 0,
      "skipped_linears": 0,
      "logit_cos_vs_fp32": 0.9901220202445984,
      "wall_s": 5.2514214515686035
    },
    {
      "mode": "infer",
      "precision": "fp16",
      "batch_size": 16,
      "ok": true,
      "fused": false,
      "gpu_util_avg": 99.9,
      "gpu_util_min": 99.0,
      "power_w_avg": 579.8,
      "sm_clock_mhz_avg": 1954,
      "util_samples": 17,
      "ms_per_iter_median": 163.2175468839705,
      "ms_per_iter_mean": 163.24123609811068,
      "samples_per_s": 98.02867587131558,
      "tokens_per_s": 100381.36409222716,
      "peak_mem_gib": 8.17104721069336,
      "replaced_linears": 0,
      "skipped_linears": 0,
      "logit_cos_vs_fp32": 0.9997447729110718,
      "wall_s": 5.449125051498413
    },
    {
      "mode": "infer",
      "precision": "fp8",
      "batch_size": 16,
      "ok": true,
      "fused": false,
      "gpu_util_avg": 100.0,
      "gpu_util_min": 99.0,
      "power_w_avg": 420.1,
      "sm_clock_mhz_avg": 1980,
      "util_samples": 34,
      "ms_per_iter_median": 338.14307069405913,
      "ms_per_iter_mean": 338.1455378141254,
      "samples_per_s": 47.31724937364244,
      "tokens_per_s": 48452.86335860986,
      "peak_mem_gib": 7.191710472106934,
      "replaced_linears": 197,
      "skipped_linears": 0,
      "logit_cos_vs_fp32": 0.9263542294502258,
      "wall_s": 8.886844396591187
    },
    {
      "mode": "infer",
      "precision": "int8",
      "batch_size": 16,
      "ok": true,
      "fused": false,
      "gpu_util_avg": 100.0,
      "gpu_util_min": 99.0,
      "power_w_avg": 358.9,
      "sm_clock_mhz_avg": 1980,
      "util_samples": 101,
      "ms_per_iter_median": 1013.6155588552356,
      "ms_per_iter_mean": 1013.6089867912233,
      "samples_per_s": 15.78507735030251,
      "tokens_per_s": 16163.91920670977,
      "peak_mem_gib": 30.37824010848999,
      "replaced_linears": 197,
      "skipped_linears": 0,
      "logit_cos_vs_fp32": 0.9777529835700989,
      "wall_s": 25.92244267463684
    },
    {
      "mode": "infer",
      "precision": "int4",
      "batch_size": 16,
      "ok": true,
      "fused": false,
      "gpu_util_avg": 100.0,
      "gpu_util_min": 99.0,
      "power_w_avg": 356.7,
      "sm_clock_mhz_avg": 1980,
      "util_samples": 167,
      "ms_per_iter_median": 1670.7278406247497,
      "ms_per_iter_mean": 1670.7421920262277,
      "samples_per_s": 9.57666449971707,
      "tokens_per_s": 9806.50444771028,
      "peak_mem_gib": 6.797293663024902,
      "replaced_linears": 196,
      "skipped_linears": 1,
      "logit_cos_vs_fp32": 0.652013897895813,
      "wall_s": 42.43058800697327
    },
    {
      "mode": "decode_bs1",
      "precision": "fp32",
      "batch_size": 1,
      "ok": true,
      "gpu_util_avg": 82.9,
      "gpu_util_min": 78.0,
      "power_w_avg": 208.9,
      "sm_clock_mhz_avg": 1980,
      "util_samples": 33,
      "ms_per_iter_median": 1328.2105680555105,
      "tokens_per_s": 96.37026167273383,
      "samples_per_s": 0.7528926693182331,
      "peak_mem_gib": 6.388227462768555,
      "replaced_linears": 0,
      "skipped_linears": 0,
      "wall_s": 9.705771684646606
    },
    {
      "mode": "decode_bs1",
      "precision": "tf32",
      "batch_size": 1,
      "ok": true,
      "gpu_util_avg": 83.1,
      "gpu_util_min": 78.0,
      "power_w_avg": 205.9,
      "sm_clock_mhz_avg": 1980,
      "util_samples": 33,
      "ms_per_iter_median": 1315.7058712095022,
      "tokens_per_s": 97.28618135779249,
      "samples_per_s": 0.7600482918577538,
      "peak_mem_gib": 6.388227462768555,
      "replaced_linears": 0,
      "skipped_linears": 0,
      "wall_s": 9.522113561630249
    },
    {
      "mode": "decode_bs1",
      "precision": "bf16",
      "batch_size": 1,
      "ok": true,
      "gpu_util_avg": 65.1,
      "gpu_util_min": 60.0,
      "power_w_avg": 160.6,
      "sm_clock_mhz_avg": 1980,
      "util_samples": 32,
      "ms_per_iter_median": 1275.335382670164,
      "tokens_per_s": 100.3657561291893,
      "samples_per_s": 0.7841074697592914,
      "peak_mem_gib": 6.797293663024902,
      "replaced_linears": 0,
      "skipped_linears": 0,
      "wall_s": 48.52720522880554
    },
    {
      "mode": "decode_bs1",
      "precision": "fp16",
      "batch_size": 1,
      "ok": true,
      "gpu_util_avg": 65.2,
      "gpu_util_min": 62.0,
      "power_w_avg": 161.8,
      "sm_clock_mhz_avg": 1980,
      "util_samples": 32,
      "ms_per_iter_median": 1272.6484211161733,
      "tokens_per_s": 100.57765984397946,
      "samples_per_s": 0.7857629675310895,
      "peak_mem_gib": 6.797293663024902,
      "replaced_linears": 0,
      "skipped_linears": 0,
      "wall_s": 48.38121461868286
    },
    {
      "mode": "decode_bs1",
      "precision": "fp8",
      "batch_size": 1,
      "ok": true,
      "gpu_util_avg": 55.3,
      "gpu_util_min": 51.0,
      "power_w_avg": 132.5,
      "sm_clock_mhz_avg": 1980,
      "util_samples": 78,
      "ms_per_iter_median": 3096.938921138644,
      "tokens_per_s": 41.33113479452754,
      "samples_per_s": 0.32289949058224643,
      "peak_mem_gib": 6.797293663024902,
      "replaced_linears": 197,
      "skipped_linears": 0,
      "wall_s": 22.22550892829895
    },
    {
      "mode": "decode_bs1",
      "precision": "int8",
      "batch_size": 1,
      "ok": true,
      "gpu_util_avg": 97.9,
      "gpu_util_min": 97.0,
      "power_w_avg": 148.2,
      "sm_clock_mhz_avg": 1980,
      "util_samples": 96,
      "ms_per_iter_median": 3853.0821967869997,
      "tokens_per_s": 33.22015816499746,
      "samples_per_s": 0.25953248566404263,
      "peak_mem_gib": 6.797293663024902,
      "replaced_linears": 197,
      "skipped_linears": 0,
      "wall_s": 27.38278841972351
    },
    {
      "mode": "decode_bs1",
      "precision": "int4",
      "batch_size": 1,