{
  "table": "4-series lang32 fused ngpu=4",
  "records": [
    {
      "precision": "tf32",
      "ok": true,
      "ngpu": 4,
      "fused": true,
      "replaced_linears": 0,
      "ms_per_iter_median": 4611.269664950669,
      "tokens_per_s": 3553.034454812192,
      "peak_mem_gib_per_gpu": [
        57.63,
        56.91,
        32.51,
        0.0
      ],
      "logit_cos_vs_fp32": 1.0412170886993408,
      "logit_mean_rel_err": 0.04177556559443474,
      "gpu_util_avg": 25.0,
      "gpu_util_min": 0.0,
      "power_w_avg": 266.7,
      "sm_clock_mhz_avg": 1964,
      "util_samples": 1760
    }
  ]
}