{
  "model": "/gpfs/scratch/ehpc821/tlong/qat_bench/models/Qwen2.5-7B-Instruct",
  "records": [
    {
      "variant": "tp4_fp32_autocast",
      "ok": true,
      "tp_size": 4,
      "nodes": 2,
      "batch_size": 1,
      "ms_per_step_median": 314.5979596301913,
      "tokens_per_s": 3254.9480015817903,
      "tokens_per_s_per_gpu": 813.7370003954476,
      "peak_mem_gib_per_rank": [
        38.88,
        38.88,
        38.88,
        38.88
      ],
      "loss_first": 13.80890941619873,
      "loss_last": 0.22779403626918793,
      "gpu_util_avg": 99.3,
      "gpu_util_min": 97.0,
      "power_w_avg": 290.2,
      "sm_clock_mhz_avg": 1980,
      "util_samples": 62
    }
  ]
}