{
  "header": {
    "modality": "video",
    "model": "VideoMAE-huge 0.6B, 16 frames (random init)",
    "gpu": "NVIDIA H100",
    "gpu_mem_gib": 63.43011474609375,
    "capability": "9.0",
    "torch": "2.11.0+cu128",
    "cuda": "12.8",
    "selftest_cos_vs_fp32": {
      "fp8": 0.9993259310722351,
      "int8": 0.999958872795105,
      "int4": 0.997891902923584,
      "fp8_train": 0.9993239045143127,
      "int4_qat": 0.9974693655967712
    }
  },
  "records": [
    {
      "mode": "train",
      "precision": "fp32",
      "batch_size": 4,
      "ok": true,
      "gpu_util_avg": 99.8,
      "gpu_util_min": 98.0,
      "power_w_avg": 556.0,
      "sm_clock_mhz_avg": 1980,
      "util_samples": 83,
      "ms_per_iter_median": 827.6325115002692,
      "ms_per_iter_mean": 827.7112031821162,
      "samples_per_s": 4.833062916715421,
      "tokens_per_s": null,
      "peak_mem_gib": 22.727453231811523,
      "replaced_linears": 0,
      "skipped_linears": 0,
      "loss_first": 6.717251777648926,
      "loss_last": 0.06282015144824982,
      "wall_s": 22.864648580551147
    },
    {
      "mode": "train",
      "precision": "tf32",
      "batch_size": 4,
      "ok": true,
      "gpu_util_avg": 99.5,
      "gpu_util_min": 99.0,
      "power_w_avg": 498.8,
      "sm_clock_mhz_avg": 1980,
      "util_samples": 44,
      "ms_per_iter_median": 437.1146555058658,
      "ms_per_iter_mean": 437.08095527254045,
      "samples_per_s": 9.150917155524937,
      "tokens_per_s": null,
      "peak_mem_gib": 22.727453231811523,
      "replaced_linears": 0,
      "skipped_linears": 0,
      "loss_first": 6.717241287231445,
      "loss_last": 0.058499567210674286,
      "wall_s": 13.109999179840088
    },
    {
      "mode": "train",
      "precision": "bf16",
      "batch_size": 4,
      "ok": true,
      "gpu_util_avg": 98.9,
      "gpu_util_min": 98.0,
      "power_w_avg": 484.4,
      "sm_clock_mhz_avg": 1980,
      "util_samples": 16,
      "ms_per_iter_median": 154.52950401231647,
      "ms_per_iter_mean": 154.54500187188387,
      "samples_per_s": 25.88502451726751,
      "tokens_per_s": null,
      "peak_mem_gib": 18.091800212860107,
      "replaced_linears": 0,
      "skipped_linears": 0,
      "loss_first": 6.7109375,
      "loss_last": 0.20684814453125,
      "wall_s": 7.113349437713623
    },
    {
      "mode": "train",
      "precision": "fp16",
      "batch_size": 4,
      "ok": true,
      "gpu_util_avg": 98.5,
      "gpu_util_min": 98.0,
      "power_w_avg": 481.6,
      "sm_clock_mhz_avg": 1980,
      "util_samples": 16,
      "ms_per_iter_median": 159.6455741673708,
      "ms_per_iter_mean": 159.6509588882327,
      "samples_per_s": 25.0555019821999,
      "tokens_per_s": null,
      "peak_mem_gib": 18.091801643371582,
      "replaced_linears": 0,
      "skipped_linears": 0,
      "loss_first": 6.716796875,
      "loss_last": 0.09844970703125,
      "wall_s": 7.063512563705444
    },
    {
      "mode": "train",
      "precision": "fp8_train",
      "batch_size": 4,
      "ok": true,
      "gpu_util_avg": 99.4,
      "gpu_util_min": 99.0,
      "power_w_avg": 392.7,
      "sm_clock_mhz_avg": 1980,
      "util_samples": 33,
      "ms_per_iter_median": 324.136505369097,
      "ms_per_iter_mean": 324.12114422768354,
      "samples_per_s": 12.340479809409823,
      "tokens_per_s": null,
      "peak_mem_gib": 16.048497676849365,
      "replaced_linears": 193,
      "skipped_linears": 0,
      "loss_first": 6.734375,
      "loss_last": 0.095947265625,
      "wall_s": 10.270335912704468
    },
    {
      "mode": "train",
      "precision": "fp8_qat",
      "batch_size": 4,
      "ok": true,
      "gpu_util_avg": 99.3,
      "gpu_util_min": 99.0,
      "power_w_avg": 417.7,
      "sm_clock_mhz_avg": 1980,
      "util_samples": 27,
      "ms_per_iter_median": 272.5915741175413,
      "ms_per_iter_mean": 272.58665855042636,
      "samples_per_s": 14.673967869143317,
      "tokens_per_s": null,
      "peak_mem_gib": 18.82426881790161,
      "replaced_linears": 193,
      "skipped_linears": 0,
      "loss_first": 6.71875,
      "loss_last": 0.08343505859375,
      "wall_s": 8.786089658737183
    },
    {
      "mode": "train",
      "precision": "int8_qat",
      "batch_size": 4,
      "ok": true,
      "gpu_util_avg": 99.2,
      "gpu_util_min": 98.0,
      "power_w_avg": 423.7,
      "sm_clock_mhz_avg": 1980,
      "util_samples": 27,
      "ms_per_iter_median": 266.6530981659889,
      "ms_per_iter_mean": 266.6789596900344,
      "samples_per_s": 15.00076326699958,
      "tokens_per_s": null,
      "peak_mem_gib": 18.824291706085205,
      "replaced_linears": 193,
      "skipped_linears": 0,
      "loss_first": 6.7265625,
      "loss_last": 0.0804443359375,
      "wall_s": 8.763761758804321
    },
    {
      "mode": "train",
      "precision": "int4_qat",
      "batch_size": 4,
      "ok": true,
      "gpu_util_avg": 99.3,
      "gpu_util_min": 99.0,
      "power_w_avg": 414.3,
      "sm_clock_mhz_avg": 1980,
      "util_samples": 27,
      "ms_per_iter_median": 266.591212246567,
      "ms_per_iter_mean": 266.59241071902215,
      "samples_per_s": 15.004245512415645,
      "tokens_per_s": null,
      "peak_mem_gib": 18.824291706085205,
      "replaced_linears": 193,
      "skipped_linears": 0,
      "loss_first": 6.3984375,
      "loss_last": 0.1602783203125,
      "wall_s": 8.774863958358765
    },
    {
      "mode": "infer",
      "precision": "fp32",
      "batch_size": 16,
      "ok": true,
      "gpu_util_avg": 100.0,
      "gpu_util_min": 99.0,
      "power_w_avg": 673.5,
      "sm_clock_mhz_avg": 1980,
      "util_samples": 91,
      "ms_per_iter_median": 908.5080679506063,
      "ms_per_iter_mean": 908.5073563735932,
      "samples_per_s": 17.611291043449363,
      "tokens_per_s": null,
      "peak_mem_gib": 4.237795829772949,
      "replaced_linears": 0,
      "skipped_linears": 0,
      "logit_cos_vs_fp32": 1.0000001192092896,
      "wall_s": 24.85308003425598
    },
    {
      "mode": "infer",
      "precision": "tf32",
      "batch_size": 16,
      "ok": true,
      "gpu_util_avg": 100.0,
      "gpu_util_min": 99.0,
      "power_w_avg": 590.2,
      "sm_clock_mhz_avg": 1980,
      "util_samples": 39,
      "ms_per_iter_median": 384.69078624621034,
      "ms_per_iter_mean": 384.6958762034774,
      "samples_per_s": 41.59184615812362,
      "tokens_per_s": null,
      "peak_mem_gib": 4.237795829772949,
      "replaced_linears": 0,
      "skipped_linears": 0,
      "logit_cos_vs_fp32": 0.9999999403953552,
      "wall_s": 11.78181505203247
    },
    {
      "mode": "infer",
      "precision": "bf16",
      "batch_size": 16,
      "ok": true,
      "gpu_util_avg": 99.9,
      "gpu_util_min": 99.0,
      "power_w_avg": 620.1,
      "sm_clock_mhz_avg": 1866,
      "util_samples": 10,
      "ms_per_iter_median": 97.9159977287054,
      "ms_per_iter_mean": 97.99050996080041,
      "samples_per_s": 163.4053716567439,
      "tokens_per_s": null,
      "peak_mem_gib": 2.571965217590332,
      "replaced_linears": 0,
      "skipped_linears": 0,
      "logit_cos_vs_fp32": 0.9999858140945435,
      "wall_s": 5.216450452804565
    },
    {
      "mode": "infer",
      "precision": "fp16",
      "batch_size": 16,
      "ok": true,
      "gpu_util_avg": 99.9,
      "gpu_util_min": 99.0,
      "power_w_avg": 643.5,
      "sm_clock_mhz_avg": 1828,
      "util_samples": 10,
      "ms_per_iter_median": 100.23059835657477,
      "ms_per_iter_mean": 100.20235637202859,
      "samples_per_s": 159.63189148167405,
      "tokens_per_s": null,
      "peak_mem_gib": 2.423098564147949,
      "replaced_linears": 0,
      "skipped_linears": 0,
      "logit_cos_vs_fp32": 0.9999997615814209,
      "wall_s": 5.23373556137085
    },
    {
      "mode": "infer",
      "precision": "fp8",
      "batch_size": 16,
      "ok": true,
      "gpu_util_avg": 100.0,
      "gpu_util_min": 99.0,
      "power_w_avg": 436.8,
      "sm_clock_mhz_avg": 1980,
      "util_samples": 33,